<?xml version="1.0"?>
<!--

    This Source Code Form is subject to the terms of the Mozilla Public License,
    v. 2.0. If a copy of the MPL was not distributed with this file, You can
    obtain one at http://mozilla.org/MPL/2.0/. OpenMRS is also distributed under
    the terms of the Healthcare Disclaimer located at http://openmrs.org/license.

    Copyright (C) OpenMRS Inc. OpenMRS is a registered trademark and the OpenMRS
    graphic logo is a trademark of OpenMRS Inc.

-->
<!DOCTYPE hibernate-mapping PUBLIC
    "-//Hibernate/Hibernate Mapping DTD 3.0//EN"
    "http://www.hibernate.org/dtd/hibernate-mapping-3.0.dtd">
<hibernate-mapping package="org.openmrs.scheduler">

	<class name="Schedule" table="scheduler_schedule">
		<id name="id" type="int" column="schedule_id" unsaved-value="0">
			<generator class="native">
				<param name="sequence">scheduler_schedule_schedule_id_seq</param>
			</generator>
		</id>
		<discriminator column="schedule_id" insert="false" />
		
		<property name="name" type="java.lang.String" column="name" not-null="true" length="50" />
		<property name="description" type="java.lang.String" column="description" length="1024" />
		<property name="repeatInterval" type="long" column="repeat_interval" />
		<property name="startTime" type="java.util.Date" column="start_time" />
		
		<!--
		<property name="startOnStartup" type="java.lang.Boolean" column="start_on_startup" length="1" not-null="true"/>
		-->
	</class>
</hibernate-mapping>
