<?xml version="1.0"?>
<!--

    This Source Code Form is subject to the terms of the Mozilla Public License,
    v. 2.0. If a copy of the MPL was not distributed with this file, You can
    obtain one at http://mozilla.org/MPL/2.0/. OpenMRS is also distributed under
    the terms of the Healthcare Disclaimer located at http://openmrs.org/license.

    Copyright (C) OpenMRS Inc. OpenMRS is a registered trademark and the OpenMRS
    graphic logo is a trademark of OpenMRS Inc.

-->
<!DOCTYPE hibernate-mapping PUBLIC 
	"-//Hibernate/Hibernate Mapping DTD 3.0//EN" 
	"http://www.hibernate.org/dtd/hibernate-mapping-3.0.dtd">
<hibernate-mapping package="org.openmrs.scheduler">

	<class name="TaskDefinition" table="scheduler_task_config">

		<!-- Primary key -->
		<id name="id" type="int" column="task_config_id" unsaved-value="0">
			<generator class="native">
				<param name="sequence">scheduler_task_config_task_config_id_seq</param>
			</generator>
		</id>
		<discriminator column="task_config_id" insert="false" />
		
		<property name="uuid" type="java.lang.String"
			column="uuid" length="38" unique="true" />
			
		<!-- Properties -->
		<property name="name" 
				type="java.lang.String" 
				column="name" 
				length="50" />
		
		<property name="description" 
				type="java.lang.String" 
				column="description" 
				length="1024" />
		
		<property name="taskClass" 
				type="java.lang.String" 
				column="schedulable_class" 
				length="1024" />
		
		<property name="repeatInterval" 
				type="java.lang.Long" 
				column="repeat_interval" />
		
		<property name="startTime" 
				type="java.util.Date" 
				column="start_time" />

		<property name="startTimePattern" 
				type="java.lang.String" 
				column="start_time_pattern"
				length="50" />

		<property name="lastExecutionTime" 
				type="java.util.Date" 
				column="last_execution_time" />
		
		<property name="startOnStartup" 
				type="java.lang.Boolean" 
				column="start_on_startup" 
				length="1" 
				not-null="true"/>		

		<property name="started" 
				type="java.lang.Boolean" 
				column="started" 
				length="1" 
				not-null="false"/>						
		
		<!-- Schedules : this relationship has been removed -->
	<!--
		<set name="schedules" 
				table="schedule" 
				lazy="true" 
				inverse="false" 
				cascade="all">
			<key column="task_config_id" />
			<one-to-many class="org.openmrs.scheduler.Schedule" />
		</set>
	-->

    	<!-- Task configuration properties -->
		<map name="properties" 
				table="scheduler_task_config_property" 
				lazy="false" 
				cascade="save-update,merge,evict">
			<key column="task_config_id" not-null="true" />
			<map-key column="name" type="java.lang.String" length="100" />
			<element column="value" type="java.lang.String" length="1024" />
		</map>


		<!-- Metadata -->
		<many-to-one name="creator" 
				class="org.openmrs.User" 
				not-null="false">
			<column name="created_by" />
		</many-to-one>

		<many-to-one name="changedBy" 
				class="org.openmrs.User"
				not-null="false">
			<column name="changed_by" />
		</many-to-one>

		<property name="dateCreated" 
				type="java.util.Date"
				column="date_created" 
				not-null="false" 
				length="19" 
				/>
		
		<property name="dateChanged" 
				type="java.util.Date"
				column="date_changed" 
				not-null="false"
				length="19" 
				/>

	</class>
</hibernate-mapping>
