<?xml version="1.0"?>
<!--

    This Source Code Form is subject to the terms of the Mozilla Public License,
    v. 2.0. If a copy of the MPL was not distributed with this file, You can
    obtain one at http://mozilla.org/MPL/2.0/. OpenMRS is also distributed under
    the terms of the Healthcare Disclaimer located at http://openmrs.org/license.

    Copyright (C) OpenMRS Inc. OpenMRS is a registered trademark and the OpenMRS
    graphic logo is a trademark of OpenMRS Inc.

-->
<!DOCTYPE hibernate-mapping PUBLIC
    "-//Hibernate/Hibernate Mapping DTD 3.0//EN"
    "http://www.hibernate.org/dtd/hibernate-mapping-3.0.dtd">
<hibernate-mapping package="org.openmrs">

	<class name="org.openmrs.hl7.HL7InError" table="hl7_in_error">

		<id name="HL7InErrorId" type="int" column="hl7_in_error_id" unsaved-value="0">
			<generator class="native">
				<param name="sequence">hl7_in_error_hl7_in_error_id_seq</param>
			</generator>
		</id>

		<discriminator column="hl7_in_error_id" insert="false" />
		
		<many-to-one name="HL7Source" class="org.openmrs.hl7.HL7Source" not-null="true">
			<column name="hl7_source" />
		</many-to-one>
		
		<property name="HL7SourceKey" type="java.lang.String" 
			column="hl7_source_key" not-null="false" length="1024" />
			
		<property name="HL7Data" type="java.lang.String" 
			column="hl7_data" not-null="true" length="16777215" />
			
		<property name="error" type="java.lang.String" length="255"
			column="error" />

		<property name="errorDetails" type="java.lang.String" length="16777215"
			column="error_details" />

		<property name="dateCreated" type="java.util.Date" 
			column="date_created" not-null="true" length="19" />
		
		<property name="uuid" type="java.lang.String"
			column="uuid" length="38" unique="true" />
			
	</class>
</hibernate-mapping>
