<?xml version="1.0"?>
<!--

    This Source Code Form is subject to the terms of the Mozilla Public License,
    v. 2.0. If a copy of the MPL was not distributed with this file, You can
    obtain one at http://mozilla.org/MPL/2.0/. OpenMRS is also distributed under
    the terms of the Healthcare Disclaimer located at http://openmrs.org/license.

    Copyright (C) OpenMRS Inc. OpenMRS is a registered trademark and the OpenMRS
    graphic logo is a trademark of OpenMRS Inc.

-->
<!DOCTYPE hibernate-mapping PUBLIC
    "-//Hibernate/Hibernate Mapping DTD 3.0//EN"
    "http://www.hibernate.org/dtd/hibernate-mapping-3.0.dtd">
<hibernate-mapping package="org.openmrs">

	<class name="org.openmrs.hl7.HL7Source" table="hl7_source">

		<id name="HL7SourceId" type="int" column="hl7_source_id" unsaved-value="0">
			<generator class="native">
				<param name="sequence">hl7_source_hl7_source_id_seq</param>
			</generator>
		</id>

		<discriminator column="hl7_source_id" insert="false" />
		
		<property name="name" type="java.lang.String" 
			column="name" not-null="true" length="255" />
			
		<property name="description" type="java.lang.String" 
			column="description" not-null="true" length="2048" />
			
		<many-to-one name="creator" class="User" not-null="true">
			<column name="creator" />
		</many-to-one>

		<property name="dateCreated" type="java.util.Date" 
			column="date_created" not-null="true" length="19" />
		
		<property name="uuid" type="java.lang.String"
			column="uuid" length="38" unique="true" />
	</class>
</hibernate-mapping>
