<databaseChangeLog xmlns="http://www.liquibase.org/xml/ns/dbchangelog/1.9"
                   xmlns:xsi="http://www.w3.org/2001/XMLSchema-instance"
                   xsi:schemaLocation="http://www.liquibase.org/xml/ns/dbchangelog/1.9
                  http://www.liquibase.org/xml/ns/dbchangelog/dbchangelog-1.9.xsd">

    <!--
        See http://www.liquibase.org/manual/home#available_database_refactorings
        for a list of supported elements and attributes
    -->
    <property name="now" value="now()"/>

    <changeSet id="050620141511" author="tw">
        <preConditions onFail="MARK_RAN">
            <not><columnExists columnName="user" tableName="idgen_remote_source"/></not>
        </preConditions>
        <comment>IDGEN - add column for user in idgen</comment>
        <sql>
            ALTER TABLE `idgen_remote_source` ADD COLUMN `user` varchar(50) ;
        </sql>
    </changeSet>

    <changeSet id="050620141512" author="tw">
        <preConditions onFail="MARK_RAN">
            <not><columnExists columnName="password" tableName="idgen_remote_source"/></not>
        </preConditions>
        <comment>IDGEN - add column for password in idgen</comment>
        <sql>
            ALTER TABLE `idgen_remote_source` ADD COLUMN `user` varchar(50) ;
            ALTER TABLE `idgen_remote_source` ADD COLUMN `password` varchar(20) ;
        </sql>
    </changeSet>

    <changeSet id="050620141513" author="tw">
        <preConditions onFail="MARK_RAN">
            <not><columnExists columnName="min_length" tableName="idgen_seq_id_gen"/></not>
            <not><columnExists columnName="max_length" tableName="idgen_seq_id_gen"/></not>
        </preConditions>
        <comment>IDGEN - modify seq table to add min length and max length instead of length</comment>
        <sql>
            ALTER TABLE `idgen_seq_id_gen` CHANGE COLUMN `length` `min_length` int(11);
            ALTER TABLE `idgen_seq_id_gen` ADD COLUMN `max_length` int(11);
            UPDATE `idgen_seq_id_gen` SET `max_length` = `min_length`;
        </sql>
    </changeSet>
    <changeSet id="170620141122" author="mujir/vinay">
        <comment>Update version for above change</comment>
        <update tableName="global_property">
            <column name="property_value" value="2.4.2"/>
            <where>property='idgen.database_version'</where>
        </update>
    </changeSet>

</databaseChangeLog>