<?xml version="1.0" encoding="UTF-8"?>

<databaseChangeLog xmlns="http://www.liquibase.org/xml/ns/dbchangelog"
                   xmlns:xsi="http://www.w3.org/2001/XMLSchema-instance"
                   xsi:schemaLocation="http://www.liquibase.org/xml/ns/dbchangelog
         http://www.liquibase.org/xml/ns/dbchangelog/dbchangelog-2.0.xsd">

    <!--
        See http://www.liquibase.org/manual/home#available_database_refactorings
        for a list of supported elements and attributes
    -->

    <changeSet id="bahmni-core-201407011716" author="Crude Oil with our names">
        <comment>Add person name for lab and billing system users</comment>
        <sql>
            set @uuid = '';
            select uuid() into @uuid;
            insert into person_name (preferred, person_id,given_name, family_name, creator,uuid, date_created)
            select true, person_id, 'Lab', 'System', 1, @uuid, now() from users where username =  'Lab System';

            select uuid() into @uuid;
            insert into person_name (preferred, person_id,given_name, family_name, creator,uuid, date_created)
            select true, person_id, 'Billing', 'System', 1, @uuid, now() from users where username =  'Billing System';
        </sql>
    </changeSet>
    <changeSet id="bahmni-core-201407141716" author="vinay">
        <preConditions onFail="MARK_RAN">
            <sqlCheck expectedResult="0">
                SELECT COUNT(*) FROM privilege where privilege = 'Get Order Frequencies';
            </sqlCheck>
        </preConditions>
        <comment>New privileges added</comment>
        <sql>
            set @uuid = '';
            select uuid() into @uuid;
            INSERT INTO `privilege` (`privilege`,`description`,`uuid`) VALUES ('Get Order Frequencies','Able to get Order Frequencies',@uuid);
        </sql>
    </changeSet>
    <changeSet id="bahmni-core-201407141717" author="vinay">
        <preConditions onFail="MARK_RAN">
            <sqlCheck expectedResult="0">
                SELECT COUNT(*) FROM privilege where privilege = 'Manage Order Frequencies';
            </sqlCheck>
        </preConditions>
        <comment>New privileges added</comment>
        <sql>
            set @uuid = '';
            select uuid() into @uuid;
            INSERT INTO `privilege` (`privilege`,`description`,`uuid`) VALUES ('Manage Order Frequencies','Able to add/edit/retire Order Frequencies',@uuid);
        </sql>
    </changeSet>
    <changeSet id="bahmni-core-201407141718" author="vinay">
        <preConditions onFail="MARK_RAN">
            <sqlCheck expectedResult="0">
                SELECT COUNT(*) FROM privilege where privilege = 'Get Care Settings';
            </sqlCheck>
        </preConditions>
        <comment>New privileges added</comment>
        <sql>
            set @uuid = '';
            select uuid() into @uuid;
            INSERT INTO `privilege` (`privilege`,`description`,`uuid`) VALUES ('Get Care Settings','Able to get Care Settings',@uuid);
        </sql>
    </changeSet>
    <changeSet id="bahmni-core-201407161230" author="Rohan,Indraneel">
        <comment>Global property pointing to the new encounter provider only session matcher</comment>
        <sql>
            insert into global_property
                (`property`,
                `property_value`,
                `description`,
                `uuid`)
            values
                ('emr.encounterProviderMatcher',
                'org.bahmni.module.bahmnicore.matcher.EncounterProviderSessionMatcher',
                'Encountersession matcher which considers only encounter type and provider',
                uuid());
        </sql>
    </changeSet>
    <changeSet id="bahmni-core-201407161630" author="Vinay">
        <comment>Set dosing type and dosing instructions</comment>
        <sql>
            update drug_order
            inner join drug on drug_order.drug_inventory_id = drug.drug_id
            inner join concept_name on drug.dosage_form = concept_name.concept_id and
            concept_name.concept_name_type = 'FULLY_SPECIFIED'
            set drug_order.dosing_instructions = concat(drug_order.dose, ' ', concept_name.name),
            drug_order.dosing_type = 'FREE_TEXT';
        </sql>
    </changeSet>
    <changeSet id="bahmni-core-201407171606" author="Rohan, D3">
        <comment>add concept class Image</comment>
        <insert tableName="concept_class">
            <column name="name" value="Image"/>
            <column name="description" value="Image class"/>
            <column name="creator" value="1"/>
            <column name="date_created" valueComputed="curdate()"/>
            <column name="retired" value="0"/>
            <column name="uuid" valueComputed="uuid()"/>
        </insert>
    </changeSet>
    <changeSet id="bahmni-core-201407180800" author="Shruthi">
        <preConditions onFail="CONTINUE">
            <sqlCheck expectedResult="0">
                SELECT COUNT(*) FROM concept_class where name = 'Computed';
            </sqlCheck>
        </preConditions>
        <comment>add concept class Computed</comment>
        <insert tableName="concept_class">
            <column name="name" value="Computed"/>
            <column name="description" value="Computed"/>
            <column name="creator" value="1"/>
            <column name="date_created" valueComputed="curdate()"/>
            <column name="retired" value="0"/>
            <column name="uuid" valueComputed="uuid()"/>
        </insert>
    </changeSet>
    <changeSet id="bahmni-core-201407221627" author="Rohan, Shruthi">
        <preConditions>
            <sqlCheck expectedResult="1">
                SELECT COUNT(*) FROM global_property where property = 'emr.encounterMatcher'
            </sqlCheck>
        </preConditions>
        <comment>Update custom encounter session matcher</comment>
        <sql>
            update global_property set property_value='org.openmrs.module.bahmniemrapi.encountertransaction.matcher.EncounterSessionMatcher' where property='emr.encounterMatcher' ;
        </sql>
    </changeSet>
    <changeSet id="bahmni-core-201407221628" author="Rohan, Shruthi">
        <preConditions>
            <sqlCheck expectedResult="1">
                SELECT COUNT(*) FROM global_property where property = 'emr.encounterProviderMatcher'
            </sqlCheck>
        </preConditions>
        <comment>Update custom encounter session matcher</comment>
        <sql>
            update global_property set property_value='org.openmrs.module.bahmniemrapi.encountertransaction.matcher.EncounterProviderSessionMatcher' where property='emr.encounterProviderMatcher';
        </sql>
    </changeSet>
    <changeSet id="bahmni-core-201407251510" author="D3">
        <comment>Set quantity for drug orders without this data</comment>
        <sql>
            UPDATE drug_order
            JOIN orders on drug_order.order_id = orders.order_id
            SET quantity = (datediff(auto_expire_date, start_date) * dose)
            WHERE quantity IS NULL;
        </sql>
    </changeSet>
</databaseChangeLog>