<?xml version="1.0"?>
<!--

    This Source Code Form is subject to the terms of the Mozilla Public License,
    v. 2.0. If a copy of the MPL was not distributed with this file, You can
    obtain one at http://mozilla.org/MPL/2.0/. OpenMRS is also distributed under
    the terms of the Healthcare Disclaimer located at http://openmrs.org/license.

    Copyright (C) OpenMRS Inc. OpenMRS is a registered trademark and the OpenMRS
    graphic logo is a trademark of OpenMRS Inc.

-->
<!DOCTYPE hibernate-mapping PUBLIC
    "-//Hibernate/Hibernate Mapping DTD 3.0//EN"
    "http://www.hibernate.org/dtd/hibernate-mapping-3.0.dtd">
<!-- 
	This is a very simplified save of the report schema object.  The
	object is expected to be in a serialized form in the "xml" column 
 -->
<hibernate-mapping package="org.openmrs.report">

	<class name="ReportSchemaXml" table="report_schema_xml">
		<id name="reportSchemaId" type="java.lang.Integer"
			column="report_schema_id">
			<generator class="native">
				<param name="sequence">report_schema_xml_report_schema_id_seq</param>
			</generator>
		</id>
		<discriminator column="report_schema_id" insert="false" />

		<property name="name" type="java.lang.String"
			length="255" />

 			
		<property name="description" type="java.lang.String"
			length="65535" />
			
		<property name="xml" type="java.lang.String" column="xml_data"
			length="65535" />
			
		<property name="uuid" type="java.lang.String"
			column="uuid" length="38" unique="true" />

	</class>
</hibernate-mapping>
