<?xml version="1.0"?>
<!--

    This Source Code Form is subject to the terms of the Mozilla Public License,
    v. 2.0. If a copy of the MPL was not distributed with this file, You can
    obtain one at http://mozilla.org/MPL/2.0/. OpenMRS is also distributed under
    the terms of the Healthcare Disclaimer located at http://openmrs.org/license.

    Copyright (C) OpenMRS Inc. OpenMRS is a registered trademark and the OpenMRS
    graphic logo is a trademark of OpenMRS Inc.

-->
<!DOCTYPE hibernate-mapping PUBLIC
    "-//Hibernate/Hibernate Mapping DTD 3.0//EN"
    "http://www.hibernate.org/dtd/hibernate-mapping-3.0.dtd">   
<hibernate-mapping package="org.openmrs.reporting">

<class name="ReportObjectWrapper" table="report_object">
	<id name="reportObjectId" type="java.lang.Integer" column="report_object_id">
		<generator class="native">
			<param name="sequence">report_object_report_object_id_seq</param>
		</generator>
	</id>

    <discriminator column="report_object_id" insert="false" />
	
	<property name="uuid" type="java.lang.String"
			column="uuid" length="38" unique="true" />
	
	<property
        name="name"
        type="java.lang.String"
        column="name"
        not-null="true"
        length="255"
    />
	<property
		name="description"
		type="java.lang.String"
		column="description"
		length="1000"
	/>
	<property
		name="type"
		type="java.lang.String"
		column="report_object_type"
		length="255"
	/>
	<property
		name="subType"
		type="java.lang.String"
		column="report_object_sub_type"
		length="255"
	/>
	<property
		name="xml"
		type="java.lang.String"
		column="xml_data"
		length="65535"
	/>
    <property
        name="dateCreated"
        type="java.util.Date"
        column="date_created"
        not-null="true"
        length="19"
    />
    <property
        name="dateChanged"
        type="java.util.Date"
        column="date_changed"
        length="19"
    />
	<property
		name="voided"
		type="boolean"
		column="voided"
		not-null="true"
	/>
	<property
		name="dateVoided"
		type="java.util.Date"
		column="date_voided"
		length="19"
	/>
	<property
		name="voidReason"
		type="java.lang.String"
		column="void_reason"
		length="255"
	/>

    <!-- Associations -->
  
    <!-- bi-directional many-to-one association to User -->
    <many-to-one
        name="creator"
        class="org.openmrs.User"
        not-null="true"
    >
	    <column name="creator" />
    </many-to-one>

	<many-to-one
		name="changedBy"
		class="org.openmrs.User"
	>
		<column name="changed_by" />
	</many-to-one>

	<many-to-one
		name="voidedBy"
		class="org.openmrs.User"
	>
		<column name="voided_by" />
	</many-to-one>
</class>
</hibernate-mapping>
