<?xml version="1.0"?>
<!--

    This Source Code Form is subject to the terms of the Mozilla Public License,
    v. 2.0. If a copy of the MPL was not distributed with this file, You can
    obtain one at http://mozilla.org/MPL/2.0/. OpenMRS is also distributed under
    the terms of the Healthcare Disclaimer located at http://openmrs.org/license.

    Copyright (C) OpenMRS Inc. OpenMRS is a registered trademark and the OpenMRS
    graphic logo is a trademark of OpenMRS Inc.

-->
<!DOCTYPE hibernate-mapping PUBLIC
    "-//Hibernate/Hibernate Mapping DTD 3.1//EN"
    "http://www.hibernate.org/dtd/hibernate-mapping-3.0.dtd">

<hibernate-mapping>
	<joined-subclass name="org.openmrs.activelist.Problem" extends="org.openmrs.activelist.ActiveListItem" table="active_list_problem" lazy="false">
		<key column="active_list_id" not-null="true" on-delete="cascade"/>
		<property name="modifier" column="status">
			<type name="org.openmrs.util.HibernateEnumType">
				<param name="enumClassName">org.openmrs.activelist.ProblemModifier</param>
			</type>
		</property>
		<property name="sortWeight" type="java.lang.Double" column="sort_weight" length="22"/>
	</joined-subclass>
</hibernate-mapping>
