<?xml version="1.0"?>
<!--

    This Source Code Form is subject to the terms of the Mozilla Public License,
    v. 2.0. If a copy of the MPL was not distributed with this file, You can
    obtain one at http://mozilla.org/MPL/2.0/. OpenMRS is also distributed under
    the terms of the Healthcare Disclaimer located at http://openmrs.org/license.

    Copyright (C) OpenMRS Inc. OpenMRS is a registered trademark and the OpenMRS
    graphic logo is a trademark of OpenMRS Inc.

-->
<!DOCTYPE hibernate-mapping PUBLIC
    "-//Hibernate/Hibernate Mapping DTD 3.0//EN"
    "http://www.hibernate.org/dtd/hibernate-mapping-3.0.dtd">  
<hibernate-mapping package="org.openmrs.api">

<class name="org.openmrs.api.db.ClobDatatypeStorage" table="clob_datatype_storage">

	<id name="id" type="java.lang.Integer" column="id">
		<generator class="native">
			<param name="sequence">clob_datatype_storage_id_seq</param>
		</generator>
	</id>
    
    <property name="uuid" type="java.lang.String" column="uuid" length="38" unique="true" />
	<property name="value" type="materialized_clob" column="value" /> 

</class>
</hibernate-mapping>
