<?xml version="1.0"?>
<!--

    This Source Code Form is subject to the terms of the Mozilla Public License,
    v. 2.0. If a copy of the MPL was not distributed with this file, You can
    obtain one at http://mozilla.org/MPL/2.0/. OpenMRS is also distributed under
    the terms of the Healthcare Disclaimer located at http://openmrs.org/license.

    Copyright (C) OpenMRS Inc. OpenMRS is a registered trademark and the OpenMRS
    graphic logo is a trademark of OpenMRS Inc.

-->
<!DOCTYPE hibernate-mapping PUBLIC
    "-//Hibernate/Hibernate Mapping DTD 3.1//EN"
    "http://www.hibernate.org/dtd/hibernate-mapping-3.0.dtd">
<hibernate-mapping package="org.openmrs">

	<class name="Cohort" table="cohort">
		<id name="cohortId" type="int" column="cohort_id">
			<generator class="native">
				<param name="sequence">cohort_cohort_id_seq</param>
			</generator>
		</id>
		
		<discriminator column="cohort_id" insert="false" />
		
		<property name="name" type="java.lang.String" 
			not-null="true" length="255" />
		<property name="description" type="java.lang.String" 
			not-null="true" length="1000" />
		
		<property name="uuid" type="java.lang.String"
			column="uuid" length="38" unique="true" />
		
		<set name="memberIds" cascade="none" lazy="true" table="cohort_member">
			<key column="cohort_id" not-null="true"/>
		    <element column="patient_id" type="integer" not-null="true"/>
		</set>

		<property name="dateCreated" type="java.util.Date"
			column="date_created" not-null="true" length="19" />
		<property name="voided" type="java.lang.Boolean"
			length="1" not-null="true" />
		<property name="dateVoided" type="java.util.Date"
			column="date_voided" length="19" />
		<property name="voidReason" type="java.lang.String"
			column="void_reason" length="255" />
		<property name="dateChanged" type="java.util.Date"
			column="date_changed" length="19" />

		<many-to-one name="creator" class="User" not-null="true" />
		<many-to-one name="voidedBy" class="User" column="voided_by" />
		<many-to-one name="changedBy" class="User" column="changed_by" />
	
	</class>

</hibernate-mapping>
	