<?xml version="1.0"?>
<!--

    This Source Code Form is subject to the terms of the Mozilla Public License,
    v. 2.0. If a copy of the MPL was not distributed with this file, You can
    obtain one at http://mozilla.org/MPL/2.0/. OpenMRS is also distributed under
    the terms of the Healthcare Disclaimer located at http://openmrs.org/license.

    Copyright (C) OpenMRS Inc. OpenMRS is a registered trademark and the OpenMRS
    graphic logo is a trademark of OpenMRS Inc.

-->
<!DOCTYPE hibernate-mapping PUBLIC
    "-//Hibernate/Hibernate Mapping DTD 3.0//EN"
    "http://www.hibernate.org/dtd/hibernate-mapping-3.0.dtd">
<hibernate-mapping package="org.openmrs">

	<class name="ConceptNameTag" table="concept_name_tag" batch-size="25">

		<id name="conceptNameTagId" type="int" column="concept_name_tag_id">
			<generator class="native">
				<param name="sequence">concept_name_tag_concept_name_tag_id_seq</param>
			</generator>
		</id>
		
		<property name="tag" type="java.lang.String" length="50" not-null="true" />
		<property name="description" type="java.lang.String" length="65535" not-null="true" />
		
		<property name="dateCreated" type="java.util.Date" column="date_created" not-null="true"/>
		<many-to-one name="creator" class="User" column="creator" not-null="true"/>
		
		<property name="voided" type="java.lang.Boolean" column="voided"
			length="1" not-null="true" />
		<property name="dateVoided" type="java.util.Date"
			column="date_voided" length="19" />
		<property name="voidReason" type="java.lang.String"
			column="void_reason" length="255" />
		<many-to-one name="voidedBy" class="User" column="voided_by" />
		
		<property name="uuid" type="java.lang.String" column="uuid" length="38" unique="true" />
	</class>
	
</hibernate-mapping>