<?xml version="1.0"?>
<!--

    This Source Code Form is subject to the terms of the Mozilla Public License,
    v. 2.0. If a copy of the MPL was not distributed with this file, You can
    obtain one at http://mozilla.org/MPL/2.0/. OpenMRS is also distributed under
    the terms of the Healthcare Disclaimer located at http://openmrs.org/license.

    Copyright (C) OpenMRS Inc. OpenMRS is a registered trademark and the OpenMRS
    graphic logo is a trademark of OpenMRS Inc.

-->
<!DOCTYPE hibernate-mapping PUBLIC
        "-//Hibernate/Hibernate Mapping DTD 3.1//EN"
        "http://www.hibernate.org/dtd/hibernate-mapping-3.0.dtd">
<hibernate-mapping package="org.openmrs">

	<class name="ConceptStopWord" table="concept_stop_word" batch-size="25">

		<cache usage="read-write"/>

		<id name="conceptStopWordId" type="int" column="concept_stop_word_id">
			<generator class="native">
				<param name="sequence">concept_stop_word_concept_stop_word_id_seq</param>
			</generator>
		</id>

		<property name="value" column="word" type="java.lang.String" length="50" not-null="true"/>
		<property name="locale" type="java.util.Locale" length="20" not-null="true"/>
		<property name="uuid" type="java.lang.String" column="uuid" length="38" unique="true"/>
	</class>

</hibernate-mapping>
