<?xml version="1.0"?>
<!--

    This Source Code Form is subject to the terms of the Mozilla Public License,
    v. 2.0. If a copy of the MPL was not distributed with this file, You can
    obtain one at http://mozilla.org/MPL/2.0/. OpenMRS is also distributed under
    the terms of the Healthcare Disclaimer located at http://openmrs.org/license.

    Copyright (C) OpenMRS Inc. OpenMRS is a registered trademark and the OpenMRS
    graphic logo is a trademark of OpenMRS Inc.

-->
<!DOCTYPE hibernate-mapping PUBLIC
    "-//Hibernate/Hibernate Mapping DTD 3.0//EN"
    "http://www.hibernate.org/dtd/hibernate-mapping-3.0.dtd">
<hibernate-mapping package="org.openmrs">

	<class name="ConceptWord" table="concept_word">

		<id name="conceptWordId" type="java.lang.Integer" column="concept_word_id">
			<generator class="native">
				<param name="sequence">concept_word_concept_word_id_seq</param>
			</generator>
		</id>
		
		<property name="word" type="java.lang.String" length="255" />
		<property name="locale" type="java.util.Locale" length="255" />
		<property name="weight" type="java.lang.Double" not-null="true" />

		<many-to-one name="concept" column="concept_id" class="Concept" outer-join="true" />
					 
		<many-to-one name="conceptName" column="concept_name_id" class="ConceptName" outer-join="true" />
		
	</class>	
</hibernate-mapping>
