<?xml version="1.0"?>
<!--

    This Source Code Form is subject to the terms of the Mozilla Public License,
    v. 2.0. If a copy of the MPL was not distributed with this file, You can
    obtain one at http://mozilla.org/MPL/2.0/. OpenMRS is also distributed under
    the terms of the Healthcare Disclaimer located at http://openmrs.org/license.

    Copyright (C) OpenMRS Inc. OpenMRS is a registered trademark and the OpenMRS
    graphic logo is a trademark of OpenMRS Inc.

-->
<!DOCTYPE hibernate-mapping PUBLIC
    "-//Hibernate/Hibernate Mapping DTD 3.0//EN"
    "http://www.hibernate.org/dtd/hibernate-mapping-3.0.dtd">
    
    <hibernate-mapping package="org.openmrs">

	<class name="ConceptAnswer" table="concept_answer" batch-size="25">

		<id name="conceptAnswerId" type="java.lang.Integer" column="concept_answer_id">
			<generator class="native">
				<param name="sequence">concept_answer_concept_answer_id_seq</param>
			</generator>
		</id>
		
		<many-to-one
			name="concept" 
			column="concept_id" 
			class="Concept" 
			not-null="true"/>
		
		<many-to-one 
			name="answerConcept" class="org.openmrs.Concept" column="answer_concept" not-null="true"/>
		
		<many-to-one 
			name="answerDrug" class="org.openmrs.Drug" column="answer_drug" />
		
		<property name="dateCreated" type="java.util.Date" column="date_created" not-null="true" />
		<many-to-one name="creator" class="User" column="creator" not-null="true"/>		
		
		<property name="uuid" type="java.lang.String" column="uuid" length="38" unique="true" />		

		<property name="sortWeight" type="java.lang.Double" column="sort_weight"/>
	</class>
	
</hibernate-mapping>
