<?xml version="1.0"?>
<!--

    This Source Code Form is subject to the terms of the Mozilla Public License,
    v. 2.0. If a copy of the MPL was not distributed with this file, You can
    obtain one at http://mozilla.org/MPL/2.0/. OpenMRS is also distributed under
    the terms of the Healthcare Disclaimer located at http://openmrs.org/license.

    Copyright (C) OpenMRS Inc. OpenMRS is a registered trademark and the OpenMRS
    graphic logo is a trademark of OpenMRS Inc.

-->
<!DOCTYPE hibernate-mapping PUBLIC
    "-//Hibernate/Hibernate Mapping DTD 3.0//EN"
    "http://www.hibernate.org/dtd/hibernate-mapping-3.0.dtd">   
<hibernate-mapping package="org.openmrs">

	<class name="ConceptStateConversion" table="concept_state_conversion">

		<id name="conceptStateConversionId" type="java.lang.Integer" column="concept_state_conversion_id">
			<generator class="native">
				<param name="sequence">concept_state_conversion_concept_state_conversion_id_seq</param>
			</generator>
		</id>
		
		<discriminator column="concept_state_conversion_id" insert="false" />
		
		<property name="uuid" type="java.lang.String"
			column="uuid" length="38" unique="true" />

		<many-to-one name="concept" class="Concept" column="concept_id" not-null="true" />

		<many-to-one name="programWorkflow" class="ProgramWorkflow" column="program_workflow_id" not-null="true" />
	
		<many-to-one name="programWorkflowState" class="ProgramWorkflowState" column="program_workflow_state_id" not-null="true" />
	
	</class>
</hibernate-mapping>
