<?xml version="1.0"?>
<!--

    This Source Code Form is subject to the terms of the Mozilla Public License,
    v. 2.0. If a copy of the MPL was not distributed with this file, You can
    obtain one at http://mozilla.org/MPL/2.0/. OpenMRS is also distributed under
    the terms of the Healthcare Disclaimer located at http://openmrs.org/license.

    Copyright (C) OpenMRS Inc. OpenMRS is a registered trademark and the OpenMRS
    graphic logo is a trademark of OpenMRS Inc.

-->
<!DOCTYPE hibernate-mapping PUBLIC
    "-//Hibernate/Hibernate Mapping DTD 3.0//EN"
    "http://www.hibernate.org/dtd/hibernate-mapping-3.0.dtd">
<hibernate-mapping package="org.openmrs">

	<class name="ConceptSet" table="concept_set" batch-size="25">

		<id name="conceptSetId" type="java.lang.Integer" column="concept_set_id">
			<generator class="native">
				<param name="sequence">concept_set_concept_set_id_seq</param>
			</generator>
		</id>
		
		<property name="uuid" type="java.lang.String"
			column="uuid" length="38" unique="true"  />

		<property name="sortWeight" type="java.lang.Double"
			column="sort_weight" length="22" not-null="true"/>
			
		<property name="dateCreated" type="java.util.Date" column="date_created" length="19" not-null="true" />
		
		<!-- Associations -->
		<!-- derived association(s) for compound key -->
		<!-- bi-directional many-to-one association to Concept -->
		<many-to-one 
			name="concept" 
			class="Concept" 
			column="concept_id" 
			not-null="true"			
			/>
					
		<!-- bi-directional many-to-one association to Concept -->
		<many-to-one name="conceptSet" class="Concept"
			column="concept_set" not-null="true" />

		<many-to-one name="creator" class="User" column="creator" not-null="true"/>

		<!-- end of derived association(s) -->

	</class>
</hibernate-mapping>
