<?xml version="1.0"?>
<!--

    This Source Code Form is subject to the terms of the Mozilla Public License,
    v. 2.0. If a copy of the MPL was not distributed with this file, You can
    obtain one at http://mozilla.org/MPL/2.0/. OpenMRS is also distributed under
    the terms of the Healthcare Disclaimer located at http://openmrs.org/license.

    Copyright (C) OpenMRS Inc. OpenMRS is a registered trademark and the OpenMRS
    graphic logo is a trademark of OpenMRS Inc.

-->
<!DOCTYPE hibernate-mapping PUBLIC
    "-//Hibernate/Hibernate Mapping DTD 3.0//EN"
    "http://www.hibernate.org/dtd/hibernate-mapping-3.0.dtd">
<hibernate-mapping package="org.openmrs">

	<class name="ConceptDescription" table="concept_description" batch-size="10">

		<id name="conceptDescriptionId" type="int" column="concept_description_id">
			<generator class="native">
				<param name="sequence">concept_description_concept_description_id_seq</param>
			</generator>
		</id>

		<many-to-one
			name="concept"
			column="concept_id"
			class="Concept"
		not-null="true"/>
		
		<property name="description" type="java.lang.String" length="65535" not-null="true" />
		<property name="locale" type="java.util.Locale" length="50" not-null="true"/>
		<property name="dateCreated" type="java.util.Date" column="date_created" not-null="true"/>
		<many-to-one name="creator" class="User" column="creator" not-null="true"/>
		<property name="dateChanged" type="java.util.Date" column="date_changed" not-null="false"/>
		<many-to-one name="changedBy" class="User" column="changed_by" not-null="false"/>

		<property name="uuid" type="java.lang.String" column="uuid" length="38" unique="true" />
	</class>
	
</hibernate-mapping>
