<?xml version="1.0"?>
<!--

    This Source Code Form is subject to the terms of the Mozilla Public License,
    v. 2.0. If a copy of the MPL was not distributed with this file, You can
    obtain one at http://mozilla.org/MPL/2.0/. OpenMRS is also distributed under
    the terms of the Healthcare Disclaimer located at http://openmrs.org/license.

    Copyright (C) OpenMRS Inc. OpenMRS is a registered trademark and the OpenMRS
    graphic logo is a trademark of OpenMRS Inc.

-->
<!DOCTYPE hibernate-mapping PUBLIC
    "-//Hibernate/Hibernate Mapping DTD 3.0//EN"
    "http://www.hibernate.org/dtd/hibernate-mapping-3.0.dtd">
<hibernate-mapping package="org.openmrs">

	<class name="ConceptProposal" table="concept_proposal">

		<id name="conceptProposalId" type="java.lang.Integer" column="concept_proposal_id">
			<generator class="native">
				<param name="sequence">concept_proposal_concept_proposal_id_seq</param>
			</generator>
		</id>
		
		<discriminator column="concept_proposal_id" insert="false" />
		
		<property name="uuid" type="java.lang.String"
			column="uuid" length="38" unique="true" />

		<property name="originalText" type="java.lang.String" length="255" not-null="true" column="original_text" />
		<property name="finalText" type="java.lang.String" length="255" column="final_text" />
		<property name="state" type="java.lang.String" length="32" not-null="true" />
		<property name="comments" type="java.lang.String" length="255" />

		<property name="dateCreated" type="java.util.Date" column="date_created" not-null="true" length="19" />
		<property name="dateChanged" type="java.util.Date" column="date_changed" length="19" />

		<many-to-one name="encounter" class="Encounter">
			<column name="encounter_id" />
		</many-to-one>
		<many-to-one name="obs" class="Obs" cascade="save-update">
			<column name="obs_id" />
		</many-to-one>
		<many-to-one name="obsConcept" class="Concept">
			<column name="obs_concept_id" />
		</many-to-one>
		<many-to-one name="mappedConcept" class="Concept">
			<column name="concept_id" />
		</many-to-one>
		<!-- bi-directional many-to-one association to User -->
		<many-to-one name="changedBy" class="User">
			<column name="changed_by" />
		</many-to-one>
		<!-- bi-directional many-to-one association to User -->
		<many-to-one name="creator" class="User" not-null="true">
			<column name="creator" />
		</many-to-one>

	</class>

</hibernate-mapping>
