<?xml version="1.0"?>
<!--

    This Source Code Form is subject to the terms of the Mozilla Public License,
    v. 2.0. If a copy of the MPL was not distributed with this file, You can
    obtain one at http://mozilla.org/MPL/2.0/. OpenMRS is also distributed under
    the terms of the Healthcare Disclaimer located at http://openmrs.org/license.

    Copyright (C) OpenMRS Inc. OpenMRS is a registered trademark and the OpenMRS
    graphic logo is a trademark of OpenMRS Inc.

-->
<!DOCTYPE hibernate-mapping PUBLIC
    "-//Hibernate/Hibernate Mapping DTD 3.0//EN"
    "http://hibernate.sourceforge.net/hibernate-mapping-3.0.dtd" >

<hibernate-mapping package="org.openmrs">

	<class name="ConceptMapType" table="concept_map_type">

		<id name="conceptMapTypeId" type="java.lang.Integer" column="concept_map_type_id">
			<generator class="native">
				<param name="sequence">concept_map_type_concept_map_type_id_seq</param>
			</generator>
		</id>
		
		<discriminator column="concept_map_type_id" insert="false" />
		
		<property name="uuid" type="java.lang.String" column="uuid" length="38" unique="true" not-null="true"/>

		<property name="name" type="java.lang.String" column="name" length="255" not-null="true" unique="true"/>
		
		<property name="description" type="java.lang.String" column="description" length="255" />
		
		<many-to-one name="creator" class="User" column="creator" not-null="true" />
		
		<property name="dateCreated" type="java.util.Date" column="date_created" length="19" not-null="true"/>
		
		<many-to-one name="changedBy" class="User" column="changed_by" />
		
		<property name="dateChanged" type="java.util.Date" column="date_changed" length="19" />
		
		<property name="isHidden" type="java.lang.Boolean" column="is_hidden" length="1" not-null="true"/>
		
		<property name="retired" type="java.lang.Boolean" column="retired" length="1" not-null="true"/>
		
		<many-to-one name="retiredBy" class="User" column="retired_by" />
		
		<property name="dateRetired" type="java.util.Date" column="date_retired" length="19" />
		
		<property name="retireReason" type="java.lang.String" column="retire_reason" length="255" /> 
		
	</class>

</hibernate-mapping>
