<?xml version="1.0"?>
<!--

    This Source Code Form is subject to the terms of the Mozilla Public License,
    v. 2.0. If a copy of the MPL was not distributed with this file, You can
    obtain one at http://mozilla.org/MPL/2.0/. OpenMRS is also distributed under
    the terms of the Healthcare Disclaimer located at http://openmrs.org/license.

    Copyright (C) OpenMRS Inc. OpenMRS is a registered trademark and the OpenMRS
    graphic logo is a trademark of OpenMRS Inc.

-->
<!DOCTYPE hibernate-mapping PUBLIC
		"-//Hibernate/Hibernate Mapping DTD 3.0//EN"
		"http://hibernate.sourceforge.net/hibernate-mapping-3.0.dtd" >

<hibernate-mapping package="org.openmrs">
	<class name="DrugReferenceMap" table="drug_reference_map">

		<id name="drugReferenceMapId" type="java.lang.Integer" column="drug_reference_map_id">
			<generator class="native">
				<param name="sequence">drug_reference_map_drug_reference_map_id_seq</param>
			</generator>
		</id>

		<discriminator column="drug_reference_map_id" insert="false"/>

		<property name="uuid" type="java.lang.String" column="uuid" length="38" unique="true" not-null="true"/>

		<many-to-one name="drug" class="Drug" column="drug_id" not-null="true"/>

		<many-to-one name="conceptReferenceTerm" class="ConceptReferenceTerm" column="term_id" not-null="true"/>

		<many-to-one name="conceptMapType" class="ConceptMapType" column="concept_map_type" not-null="true"/>

		<many-to-one name="creator" class="User" column="creator" not-null="true"/>

		<property name="dateCreated" type="java.util.Date" column="date_created" length="19" not-null="true"/>

		<many-to-one name="changedBy" class="User" column="changed_by"/>

		<property name="dateChanged" type="java.util.Date" column="date_changed" length="19"/>
	</class>
</hibernate-mapping>
