<?xml version="1.0"?>
<!--

    This Source Code Form is subject to the terms of the Mozilla Public License,
    v. 2.0. If a copy of the MPL was not distributed with this file, You can
    obtain one at http://mozilla.org/MPL/2.0/. OpenMRS is also distributed under
    the terms of the Healthcare Disclaimer located at http://openmrs.org/license.

    Copyright (C) OpenMRS Inc. OpenMRS is a registered trademark and the OpenMRS
    graphic logo is a trademark of OpenMRS Inc.

-->
<!DOCTYPE hibernate-mapping PUBLIC
    "-//Hibernate/Hibernate Mapping DTD 3.0//EN"
    "http://www.hibernate.org/dtd/hibernate-mapping-3.0.dtd">
<hibernate-mapping>
	<class name="org.openmrs.Drug" table="drug">

		<id name="drugId" type="java.lang.Integer" column="drug_id">
			<generator class="native">
				<param name="sequence">drug_drug_id_seq</param>
			</generator>
		</id>

		<discriminator column="drug_id" insert="false" />

		<property name="name" type="java.lang.String" length="255" />
		<property name="combination" type="java.lang.Boolean" length="1"
			not-null="true" />
		<property name="maximumDailyDose" type="java.lang.Double"
			column="maximum_daily_dose" length="22" />
		<property name="minimumDailyDose" type="java.lang.Double"
			column="minimum_daily_dose" length="22" />
        <property name="strength" type="java.lang.String" length="255" />
		<property name="dateCreated" type="java.util.Date"
			column="date_created" not-null="true" length="19" />
			
		<many-to-one name="changedBy" class="org.openmrs.User">
			<column name="changed_by" />
		</many-to-one>

		<property name="dateChanged" type="java.util.Date" 
			column="date_changed" length="19" />
		
		<property name="retired" type="java.lang.Boolean" length="1"
			not-null="true" />
		<property name="dateRetired" type="java.util.Date"
			column="date_retired" not-null="false" length="19" />
		<property name="retireReason" type="java.lang.String"
			column="retire_reason" length="255" />

		<many-to-one name="concept" class="org.openmrs.Concept"
			not-null="true" column="concept_id" />
		<many-to-one name="dosageForm" class="org.openmrs.Concept"
			not-null="false" column="dosage_form" />
		<many-to-one name="route" class="org.openmrs.Concept"
			not-null="false" />

		<property name="uuid" type="java.lang.String"
			column="uuid" length="38" unique="true" />

		<!-- bi-directional one-to-many association to DrugOrder -->
		<!--
			<set
			name="drugOrders"
			lazy="true"
			inverse="true"
			cascade="none"
			>
			<key>
			<column name="drug_inventory_id" />
			</key>
			<one-to-many 
			class="org.openmrs.DrugOrder"
			/>
			</set>
		-->
		<many-to-one name="creator" class="org.openmrs.User"
			not-null="true" />
		<many-to-one name="retiredBy" class="org.openmrs.User"
			not-null="false" column="retired_by" />

		<set name="drugReferenceMaps" inverse="true" cascade="all,delete-orphan,evict">
			<key column="drug_id" />
			<one-to-many class="org.openmrs.DrugReferenceMap" />
		</set>

	</class>
</hibernate-mapping>
