<?xml version="1.0"?>
<!--

    This Source Code Form is subject to the terms of the Mozilla Public License,
    v. 2.0. If a copy of the MPL was not distributed with this file, You can
    obtain one at http://mozilla.org/MPL/2.0/. OpenMRS is also distributed under
    the terms of the Healthcare Disclaimer located at http://openmrs.org/license.

    Copyright (C) OpenMRS Inc. OpenMRS is a registered trademark and the OpenMRS
    graphic logo is a trademark of OpenMRS Inc.

-->
<!DOCTYPE hibernate-mapping PUBLIC
    "-//Hibernate/Hibernate Mapping DTD 3.0//EN"
    "http://hibernate.sourceforge.net/hibernate-mapping-3.0.dtd" >

<hibernate-mapping package="org.openmrs" >

	<class name="EncounterRole" table="encounter_role" batch-size="25">
		<id name="encounterRoleId" type="int" column="encounter_role_id"
			unsaved-value="0">
			<generator class="native" />
		</id>

		<discriminator column="encounter_role_id" insert="false" />

        <property name="name" type="java.lang.String" length="50" not-null="true" />

		<property name="description" type="java.lang.String" length="1024" />

        <many-to-one name="creator" class="org.openmrs.User" not-null="true" />

		<property name="dateCreated" type="java.util.Date" column="date_created" not-null="true" length="19" />

        <many-to-one name="changedBy" class="User" column="changed_by" />

        <property name="dateChanged" type="java.util.Date" column="date_changed" length="19" />

		<property name="retired" type="java.lang.Boolean" length="1" not-null="true" />

		<property name="dateRetired" type="java.util.Date" column="date_retired" not-null="false" length="19" />

		<many-to-one name="retiredBy" class="org.openmrs.User" not-null="false" column="retired_by" />

		<property name="retireReason" type="java.lang.String" column="retire_reason" length="255" />

		<property name="uuid" type="java.lang.String" column="uuid" length="38" unique="true" />
	</class>
</hibernate-mapping>
