<?xml version="1.0"?>
<!--

    This Source Code Form is subject to the terms of the Mozilla Public License,
    v. 2.0. If a copy of the MPL was not distributed with this file, You can
    obtain one at http://mozilla.org/MPL/2.0/. OpenMRS is also distributed under
    the terms of the Healthcare Disclaimer located at http://openmrs.org/license.

    Copyright (C) OpenMRS Inc. OpenMRS is a registered trademark and the OpenMRS
    graphic logo is a trademark of OpenMRS Inc.

-->
<!DOCTYPE hibernate-mapping PUBLIC
    "-//Hibernate/Hibernate Mapping DTD 3.0//EN"
    "http://www.hibernate.org/dtd/hibernate-mapping-3.0.dtd">
<hibernate-mapping package="org.openmrs" >

	<class name="Encounter" table="encounter" batch-size="25">

		<id name="encounterId" type="int" column="encounter_id" unsaved-value="0">
			<generator class="native">
				<param name="sequence">encounter_encounter_id_seq</param>
			</generator>
		</id>
		
		<discriminator column="encounter_id" insert="false" />
		
		<property name="uuid" type="java.lang.String"
			column="uuid" length="38" unique="true" />

		<property name="encounterDatetime" type="java.util.Date"
			column="encounter_datetime" not-null="true" length="19" />
		<property name="dateCreated" type="java.util.Date"
			column="date_created" not-null="true" length="19" />
		<property name="voided" type="java.lang.Boolean" column="voided"
			length="1" not-null="true" />
		<property name="dateVoided" type="java.util.Date"
			column="date_voided" length="19" />
		<property name="voidReason" type="java.lang.String"
			column="void_reason" length="255" />
		<property name="dateChanged" type="java.util.Date" 
			column="date_changed" not-null="false" length="19" />

		<!-- Associations -->
		<!-- bi-directional many-to-one association to User -->
		<many-to-one name="changedBy" class="User" not-null="false">
			<column name="changed_by" />
		</many-to-one>

		<!-- bi-directional many-to-one association to Patient -->
		<many-to-one name="patient" class="Patient" not-null="true">
			<column name="patient_id" />
		</many-to-one>
		<!-- bi-directional many-to-one association to Location -->
		<many-to-one name="location" class="Location" not-null="false">
			<column name="location_id" />
		</many-to-one>
		<!-- bi-directional many-to-one association to Form -->
		<many-to-one name="form" class="Form" not-null="false">
			<column name="form_id" />
		</many-to-one>
		<!-- bi-directional one-to-many association to Order -->
		<set name="orders" inverse="true">
			<key column="encounter_id" />
			<one-to-many class="Order" />
		</set>
		<!-- bi-directional one-to-many association to Ob -->
		<set name="obs" inverse="true" cascade="all" order-by="concept_id" access="field" batch-size="25">
			<key column="encounter_id" />
			<one-to-many class="Obs" />
		</set>
		<!-- bi-directional many-to-one association to EncounterType -->
		<many-to-one name="encounterType" class="EncounterType"
			not-null="true">
			<column name="encounter_type" />
		</many-to-one>
		<!-- bi-directional many-to-one association to User -->
		<many-to-one name="creator" class="User" not-null="true">
			<column name="creator" />
		</many-to-one>
		<!-- bi-directional one-to-many association to EncounterProvider -->
		<set name="encounterProviders" inverse="true" cascade="all-delete-orphan" order-by="provider_id">
			<key column="encounter_id" />
			<one-to-many class="EncounterProvider" />
		</set>
		
		<many-to-one name="voidedBy" class="User">
			<column name="voided_by" />
		</many-to-one>
		<many-to-one name="visit" class="Visit" cascade="save-update">
			<column name="visit_id" />
		</many-to-one>

	</class>
</hibernate-mapping>
