<?xml version="1.0"?>
<!--

    This Source Code Form is subject to the terms of the Mozilla Public License,
    v. 2.0. If a copy of the MPL was not distributed with this file, You can
    obtain one at http://mozilla.org/MPL/2.0/. OpenMRS is also distributed under
    the terms of the Healthcare Disclaimer located at http://openmrs.org/license.

    Copyright (C) OpenMRS Inc. OpenMRS is a registered trademark and the OpenMRS
    graphic logo is a trademark of OpenMRS Inc.

-->
<!DOCTYPE hibernate-mapping PUBLIC
    "-//Hibernate/Hibernate Mapping DTD 3.0//EN"
    "http://www.hibernate.org/dtd/hibernate-mapping-3.0.dtd">   
<hibernate-mapping>
	<class name="org.openmrs.FieldType" table="field_type">
		<id name="fieldTypeId" type="int" column="field_type_id" unsaved-value="0">
			<generator class="native">
				<param name="sequence">field_type_field_type_id_seq</param>
			</generator>
		</id>

		<discriminator column="field_type_id" insert="false" />

		<property name="uuid" type="java.lang.String" column="uuid" length="38" unique="true" />
		<property name="name" type="java.lang.String" column="name" length="50"  />
		<property name="description" type="java.lang.String" column="description" length="2147483647" />
		<property name="isSet" type="boolean" column="is_set" length="1" not-null="true" />
		<property name="dateCreated" type="java.util.Date" column="date_created" not-null="true" length="19" />

		<!-- bi-directional many-to-one association to User -->
		<many-to-one name="creator" class="org.openmrs.User" not-null="true">
			<column name="creator" />
		</many-to-one>
	</class>
</hibernate-mapping>
