<?xml version="1.0"?>
<!--

    This Source Code Form is subject to the terms of the Mozilla Public License,
    v. 2.0. If a copy of the MPL was not distributed with this file, You can
    obtain one at http://mozilla.org/MPL/2.0/. OpenMRS is also distributed under
    the terms of the Healthcare Disclaimer located at http://openmrs.org/license.

    Copyright (C) OpenMRS Inc. OpenMRS is a registered trademark and the OpenMRS
    graphic logo is a trademark of OpenMRS Inc.

-->
<!DOCTYPE hibernate-mapping PUBLIC
    "-//Hibernate/Hibernate Mapping DTD 3.0//EN"
    "http://www.hibernate.org/dtd/hibernate-mapping-3.0.dtd">
<hibernate-mapping package="org.openmrs">

	<class name="Field" table="field">

		<id name="fieldId" type="int" column="field_id" unsaved-value="0">
			<generator class="native">
				<param name="sequence">field_field_id_seq</param>
			</generator>
		</id>
		
		<discriminator column="field_id" insert="false" />
		
		<property name="uuid" type="java.lang.String"
			column="uuid" length="38" unique="true" />

		<property name="name" type="java.lang.String"
			length="255" not-null="true"/>
		
		<property name="description" type="java.lang.String" length="65535" />

		<many-to-one name="fieldType" class="FieldType" not-null="true">
			<column name="field_type" />
		</many-to-one>

		<many-to-one name="concept" class="Concept" column="concept_id" />
		
		<property name="tableName" type="java.lang.String"
			column="table_name" length="50" />
		
		<property name="attributeName" type="java.lang.String"
			column="attribute_name" length="50" />
		
		<property name="defaultValue" type="java.lang.String"
			column="default_value" length="65535" />

		<property name="selectMultiple" type="boolean"
			column="select_multiple" length="1" not-null="true"/>
		
		<many-to-one name="creator" class="User" not-null="true" />

		<property name="dateCreated" type="java.util.Date"
			column="date_created" not-null="true" length="19" />
		
		<many-to-one name="changedBy" class="User">
			<column name="changed_by" />
		</many-to-one>

		<property name="dateChanged" type="java.util.Date"
			column="date_changed" length="19" />

		<!--
		<set name="answers" lazy="true" inverse="true" cascade="save-update">
			<key>
				<column name="field_id" />
			</key>
			<one-to-many class="FieldAnswer" />
		</set>
		-->
		
		<many-to-one name="retiredBy" class="org.openmrs.User"
			column="retired_by" />
		<property name="dateRetired" type="java.util.Date"
			column="date_retired" length="19" />
		<property name="retireReason" type="java.lang.String"
			column="retire_reason" length="255" />
		<property name="retired" type="boolean" length="1"
			not-null="true" />
		
	</class>
</hibernate-mapping>
