<?xml version="1.0"?>
<!--

    This Source Code Form is subject to the terms of the Mozilla Public License,
    v. 2.0. If a copy of the MPL was not distributed with this file, You can
    obtain one at http://mozilla.org/MPL/2.0/. OpenMRS is also distributed under
    the terms of the Healthcare Disclaimer located at http://openmrs.org/license.

    Copyright (C) OpenMRS Inc. OpenMRS is a registered trademark and the OpenMRS
    graphic logo is a trademark of OpenMRS Inc.

-->
<!DOCTYPE hibernate-mapping PUBLIC
    "-//Hibernate/Hibernate Mapping DTD 3.0//EN"
    "http://www.hibernate.org/dtd/hibernate-mapping-3.0.dtd">
<hibernate-mapping package="org.openmrs">

	<class name="Form" table="form">

		<id name="formId" type="int" column="form_id" unsaved-value="0">
			<generator class="native">
				<param name="sequence">form_form_id_seq</param>
			</generator>
		</id>

		<discriminator column="form_id" insert="false" />

		<property name="uuid" type="java.lang.String"
			column="uuid" length="38" unique="true" />

		<property name="name" type="java.lang.String" 
			column="name" not-null="true" length="50" />

		<property name="version" type="java.lang.String" 
			column="version" not-null="true" length="50" />
		
		<property name="build" type="java.lang.Integer" column="build" 
			not-null="false" />
		
		<property name="published" type="boolean" column="published"
			length="1" not-null="false" />

		<property name="description" type="java.lang.String" 
			column="description" length="1024" />

		<many-to-one name="encounterType" class="EncounterType">
			<column name="encounter_type" />
		</many-to-one>

		<many-to-one name="creator" class="User" not-null="true">
			<column name="creator" />
		</many-to-one>

		<property name="dateCreated" type="java.util.Date" 
			column="date_created" not-null="true" length="19" />

		<many-to-one name="changedBy" class="User">
			<column name="changed_by" />
		</many-to-one>

		<property name="dateChanged" type="java.util.Date" 
			column="date_changed" length="19" />

		<set name="formFields" lazy="true" inverse="true" cascade="all-delete-orphan">
			<key>
				<column name="form_id" />
			</key>
			<one-to-many class="FormField" />
		</set>

		<property name="retired" type="boolean" 
			column="retired" length="1" not-null="true"/>

		<many-to-one name="retiredBy" class="User">
			<column name="retired_by" />
		</many-to-one>

		<property name="dateRetired" type="java.util.Date"
			column="date_retired" length="19" />

		<property name="retireReason" type="java.lang.String" 
			column="retired_reason" length="50" />

	</class>
</hibernate-mapping>
