<?xml version="1.0"?>
<!--

    This Source Code Form is subject to the terms of the Mozilla Public License,
    v. 2.0. If a copy of the MPL was not distributed with this file, You can
    obtain one at http://mozilla.org/MPL/2.0/. OpenMRS is also distributed under
    the terms of the Healthcare Disclaimer located at http://openmrs.org/license.

    Copyright (C) OpenMRS Inc. OpenMRS is a registered trademark and the OpenMRS
    graphic logo is a trademark of OpenMRS Inc.

-->
<!DOCTYPE hibernate-mapping PUBLIC
    "-//Hibernate/Hibernate Mapping DTD 3.0//EN"
    "http://www.hibernate.org/dtd/hibernate-mapping-3.0.dtd">
<hibernate-mapping package="org.openmrs">

	<class name="FormField" table="form_field">

		<id name="formFieldId" type="int" column="form_field_id" unsaved-value="0">
			<generator class="native">
				<param name="sequence">form_field_form_field_id_seq</param>
			</generator>
		</id>

		<discriminator column="form_field_id" insert="false" />
		
		<property name="uuid" type="java.lang.String"
			column="uuid" length="38" unique="true" />

		<many-to-one name="parent" class="FormField" cascade="save-update,merge,evict">
			<column name="parent_form_field" />
		</many-to-one>

		<many-to-one name="form" class="Form" not-null="true">
			<column name="form_id" />
		</many-to-one>

		<many-to-one name="field" class="Field" not-null="true" cascade="save-update,merge,evict">
			<column name="field_id" />
		</many-to-one>

		<property name="fieldNumber" type="int" 
			column="field_number" length="11" />

		<property name="fieldPart" type="java.lang.String" 
			column="field_part" length="5" />

		<property name="pageNumber" type="int" 
			column="page_number" length="11" />

		<property name="minOccurs" type="int" 
			column="min_occurs" length="11" />

		<property name="maxOccurs" type="int" 
			column="max_occurs" length="11" />

		<property name="required" type="boolean" 
			column="required" length="1" not-null="true"/>

		<property name="sortWeight" type="float"
			column="sort_weight" length="5" not-null="false" />

		<many-to-one name="creator" class="User" not-null="true">
			<column name="creator" />
		</many-to-one>

		<property name="dateCreated" type="java.util.Date" 
			column="date_created" length="19" not-null="true" />

		<many-to-one name="changedBy" class="User">
			<column name="changed_by" />
		</many-to-one>

		<property name="dateChanged" type="java.util.Date" 
			column="date_changed" length="19" />
		
	</class>
</hibernate-mapping>
