<?xml version="1.0"?>
<!--

    This Source Code Form is subject to the terms of the Mozilla Public License,
    v. 2.0. If a copy of the MPL was not distributed with this file, You can
    obtain one at http://mozilla.org/MPL/2.0/. OpenMRS is also distributed under
    the terms of the Healthcare Disclaimer located at http://openmrs.org/license.

    Copyright (C) OpenMRS Inc. OpenMRS is a registered trademark and the OpenMRS
    graphic logo is a trademark of OpenMRS Inc.

-->
<!DOCTYPE hibernate-mapping PUBLIC
    "-//Hibernate/Hibernate Mapping DTD 3.0//EN"
    "http://hibernate.sourceforge.net/hibernate-mapping-3.0.dtd" >

<hibernate-mapping package="org.openmrs">

    <class name="LocationAttributeType" table="location_attribute_type">

		<id name="locationAttributeTypeId" type="int" column="location_attribute_type_id">
			<generator class="native">
				<param name="sequence">location_attribute_type_location_attribute_type_id_seq</param>
			</generator>
		</id>

        <discriminator column="location_attribute_type_id" insert="false" />
        
        <property name="name" type="java.lang.String" column="name" not-null="true" length="255" />

        <property name="description" type="java.lang.String" column="description" length="1024" />
        
        <property name="datatypeClassname" type="java.lang.String" column="datatype" length="255" />
        
        <property name="datatypeConfig" type="text" column="datatype_config" length="65535" />
        
        <property name="preferredHandlerClassname" type="java.lang.String" column="preferred_handler" length="255" />
        
        <property name="handlerConfig" type="text" column="handler_config" length="65535" />
        
        <property name="minOccurs" type="int" column="min_occurs" length="11" not-null="true" />

        <property name="maxOccurs" type="int" column="max_occurs" length="11" />

        <many-to-one name="creator" class="User" not-null="true" column="creator" />
        
        <property name="dateCreated" type="java.util.Date" column="date_created" not-null="true" length="19" />
        
        <many-to-one name="changedBy" class="User" column="changed_by" />
        
        <property name="dateChanged" type="java.util.Date" column="date_changed" length="19" />
        
        <property name="retired" type="java.lang.Boolean" column="retired" length="1" not-null="true" />
        
        <many-to-one name="retiredBy" class="User" column="retired_by" />
        
        <property name="dateRetired" type="java.util.Date" column="date_retired" length="19" />
               
        <property name="retireReason" type="java.lang.String" column="retire_reason" length="255" />
        
        <property name="uuid" type="java.lang.String" column="uuid" length="38" unique="true" />
        
    </class>

</hibernate-mapping>
