<?xml version="1.0"?>
<!--

    This Source Code Form is subject to the terms of the Mozilla Public License,
    v. 2.0. If a copy of the MPL was not distributed with this file, You can
    obtain one at http://mozilla.org/MPL/2.0/. OpenMRS is also distributed under
    the terms of the Healthcare Disclaimer located at http://openmrs.org/license.

    Copyright (C) OpenMRS Inc. OpenMRS is a registered trademark and the OpenMRS
    graphic logo is a trademark of OpenMRS Inc.

-->
<!DOCTYPE hibernate-mapping PUBLIC
    "-//Hibernate/Hibernate Mapping DTD 3.0//EN"
    "http://www.hibernate.org/dtd/hibernate-mapping-3.0.dtd">
<hibernate-mapping package="org.openmrs">

	<class name="Location" table="location">

		<cache usage="read-write"/>

		<id name="locationId" type="int" column="location_id">
			<generator class="native">
				<param name="sequence">location_location_id_seq</param>
			</generator>
		</id>

		<discriminator column="location_id" insert="false" />
		
		<property name="uuid" type="java.lang.String"
			column="uuid" length="38" unique="true" />

		<property name="name" type="java.lang.String" column="name"
			not-null="true" length="255" />
		<property name="description" type="java.lang.String"
			column="description" length="255" />
		<property name="address1" type="java.lang.String"
			column="address1" length="255" />
		<property name="address2" type="java.lang.String"
			column="address2" length="255" />
		<property name="cityVillage" type="java.lang.String"
			column="city_village" length="255" />
		<property name="stateProvince" type="java.lang.String"
			column="state_province" length="255" />
		<property name="country" type="java.lang.String"
			column="country" length="50" />
		<property name="postalCode" type="java.lang.String"
			column="postal_code" length="50" />
		<property name="latitude" type="java.lang.String"
			column="latitude" length="50" />
		<property name="longitude" type="java.lang.String"
			column="longitude" length="50" />
		<property name="countyDistrict" type="java.lang.String"
			column="county_district" length="255" />
		<property name="address3" type="java.lang.String"
			column="address3" length="255" />
		<property name="address4" type="java.lang.String"
			column="address4" length="255" />
		<property name="address6" type="java.lang.String"
			column="address6" length="255" />
		<property name="address5" type="java.lang.String"
			column="address5" length="255" />
		
		<property name="dateCreated" type="java.util.Date"
			column="date_created" not-null="true" length="19" />
			
		<property name="dateChanged" type="java.util.Date" 
		    column="date_changed" length="19" />

		<!-- Associations -->
		
		<many-to-one name="parentLocation" class="Location" column="parent_location" />
		
		 <many-to-one name="changedBy" class="User">
    	 <column name="changed_by" />
  	    </many-to-one>
		
		<set name="childLocations" inverse="true" cascade="all" order-by="name" batch-size="100">
			<key column="parent_location" />
			<one-to-many class="Location" />
		</set>
		
		<set name="tags" table="location_tag_map" lazy="true" cascade="none">
			<key column="location_id" />
			<many-to-many class="org.openmrs.LocationTag">
				<column name="location_tag_id" />
			</many-to-many>
		</set>

		<!-- bi-directional many-to-one association to User -->
        <many-to-one name="creator" class="User" not-null="true">
            <column name="creator" />
        </many-to-one>

        <many-to-one name="retiredBy" class="org.openmrs.User"
            column="retired_by" />
        <property name="dateRetired" type="java.util.Date"
            column="date_retired" length="19" />
        <property name="retireReason" type="java.lang.String"
            column="retire_reason" length="255" />
        <property name="retired" type="boolean" column="retired"
            length="1" not-null="true" />
            
        <set name="attributes" lazy="true" inverse="true" batch-size="100"
            cascade="all-delete-orphan" order-by="voided asc">
            <key column="location_id" />
            <one-to-many class="LocationAttribute" />
        </set>

    </class>
</hibernate-mapping>
