<?xml version="1.0"?>
<!--

    This Source Code Form is subject to the terms of the Mozilla Public License,
    v. 2.0. If a copy of the MPL was not distributed with this file, You can
    obtain one at http://mozilla.org/MPL/2.0/. OpenMRS is also distributed under
    the terms of the Healthcare Disclaimer located at http://openmrs.org/license.

    Copyright (C) OpenMRS Inc. OpenMRS is a registered trademark and the OpenMRS
    graphic logo is a trademark of OpenMRS Inc.

-->
<!DOCTYPE hibernate-mapping PUBLIC
    "-//Hibernate/Hibernate Mapping DTD 3.0//EN"
    "http://www.hibernate.org/dtd/hibernate-mapping-3.0.dtd">

<hibernate-mapping package="org.openmrs.api.db">

	<class name="LoginCredential" table="users">
		<id name="userId" type="int" column="user_id">
			<generator class="native">
				<param name="sequence">users_user_id_seq</param>
			</generator>
		</id>
		
		<property name="uuid" type="java.lang.String" column="uuid" length="38" unique="true"/>
		<property name="hashedPassword" type="java.lang.String" column="password" length="128" />
		<property name="salt" type="java.lang.String" column="salt" length="128" />
		<property name="secretQuestion" type="java.lang.String" column="secret_question" length="255" />
		<property name="secretAnswer" type="java.lang.String" column="secret_answer" length="255" />
		
		<many-to-one name="changedBy" class="org.openmrs.User" column="changed_by" />
		<property name="dateChanged" type="java.util.Date" column="date_changed" length="19" />
		
	</class>
	
</hibernate-mapping>
	