<?xml version="1.0"?>
<!--

    This Source Code Form is subject to the terms of the Mozilla Public License,
    v. 2.0. If a copy of the MPL was not distributed with this file, You can
    obtain one at http://mozilla.org/MPL/2.0/. OpenMRS is also distributed under
    the terms of the Healthcare Disclaimer located at http://openmrs.org/license.

    Copyright (C) OpenMRS Inc. OpenMRS is a registered trademark and the OpenMRS
    graphic logo is a trademark of OpenMRS Inc.

-->
<!DOCTYPE hibernate-mapping PUBLIC
    "-//Hibernate/Hibernate Mapping DTD 3.0//EN"
    "http://www.hibernate.org/dtd/hibernate-mapping-3.0.dtd">
<hibernate-mapping>
	<class name="org.openmrs.OrderFrequency" table="order_frequency">

		<id name="orderFrequencyId" type="java.lang.Integer" column="order_frequency_id">
			<generator class="native">
				<param name="sequence">order_frequency_id_seq</param>
			</generator>
		</id>

		<discriminator column="order_frequency_id" insert="false" />

		<many-to-one name="concept" class="org.openmrs.Concept"
			not-null="true" column="concept_id" unique="true" />
		<property name="frequencyPerDay" type="double" column="frequency_per_day"
			length="22" />
		<many-to-one name="creator" class="org.openmrs.User"
			not-null="true" />
		<property name="dateCreated" type="java.util.Date" column="date_created"
			not-null="true" length="19" />
		<property name="retired" type="java.lang.Boolean" length="1"
			not-null="true" />
		<many-to-one name="retiredBy" class="org.openmrs.User"
			not-null="false" column="retired_by" />
		<property name="dateRetired" type="java.util.Date" column="date_retired"
			not-null="false" length="19" />
		<property name="retireReason" type="java.lang.String" column="retire_reason"
			length="255" />
		<property name="uuid" type="java.lang.String" column="uuid"
			length="38" unique="true" />

        <many-to-one name="changedBy" class="org.openmrs.User" column="changed_by" />

        <property name="dateChanged" type="java.util.Date" column="date_changed" length="19" />

	</class>
</hibernate-mapping>