<?xml version="1.0"?>
<!--

    This Source Code Form is subject to the terms of the Mozilla Public License,
    v. 2.0. If a copy of the MPL was not distributed with this file, You can
    obtain one at http://mozilla.org/MPL/2.0/. OpenMRS is also distributed under
    the terms of the Healthcare Disclaimer located at http://openmrs.org/license.

    Copyright (C) OpenMRS Inc. OpenMRS is a registered trademark and the OpenMRS
    graphic logo is a trademark of OpenMRS Inc.

-->
<!DOCTYPE hibernate-mapping PUBLIC
    "-//Hibernate/Hibernate Mapping DTD 3.0//EN"
    "http://www.hibernate.org/dtd/hibernate-mapping-3.0.dtd">   
<hibernate-mapping package="org.openmrs">

	<class name="PatientState" table="patient_state">

		<id name="patientStateId" type="java.lang.Integer" column="patient_state_id">
			<generator class="native">
				<param name="sequence">patient_state_patient_state_id_seq</param>
			</generator>
		</id>

		<discriminator column="patient_state_id" insert="false" />		

		<property name="uuid" type="java.lang.String"
			column="uuid" length="38" unique="true" />

		<property name="startDate" type="java.util.Date" column="start_date" length="19" />

		<property name="endDate" type="java.util.Date" column="end_date" length="19" />
	
		<property name="dateCreated" type="java.util.Date" column="date_created" not-null="true" length="19" />
		
		<property name="dateChanged" type="java.util.Date" column="date_changed" length="19" />
		
		<property name="voided" type="java.lang.Boolean" column="voided" length="1" not-null="true" />
		
		<property name="dateVoided" type="java.util.Date" column="date_voided" length="19" />

		<property name="voidReason" type="java.lang.String" column="void_reason" length="255" />

		<many-to-one name="state" class="ProgramWorkflowState" column="state" not-null="true" />
		
		<many-to-one name="patientProgram" class="PatientProgram" column="patient_program_id" not-null="true" />

		<many-to-one name="creator" class="User" column="creator" not-null="true" />
		
		<many-to-one name="changedBy" class="User" column="changed_by" />
		
		<many-to-one name="voidedBy" class="User" column="voided_by" />

	</class>
</hibernate-mapping>
