<?xml version="1.0"?>
<!--

    This Source Code Form is subject to the terms of the Mozilla Public License,
    v. 2.0. If a copy of the MPL was not distributed with this file, You can
    obtain one at http://mozilla.org/MPL/2.0/. OpenMRS is also distributed under
    the terms of the Healthcare Disclaimer located at http://openmrs.org/license.

    Copyright (C) OpenMRS Inc. OpenMRS is a registered trademark and the OpenMRS
    graphic logo is a trademark of OpenMRS Inc.

-->
<!DOCTYPE hibernate-mapping PUBLIC
    "-//Hibernate/Hibernate Mapping DTD 3.0//EN"
    "http://www.hibernate.org/dtd/hibernate-mapping-3.0.dtd">   
<hibernate-mapping package="org.openmrs">

	<class name="org.openmrs.PatientIdentifier" table="patient_identifier">
	
		<id name="patientIdentifierId" type="int" column="patient_identifier_id" unsaved-value="0">
			<generator class="native">
				<param name="sequence">patient_identifier_patient_identifier_id_seq</param>
			</generator>
		</id>

		<property name="uuid" type="java.lang.String" column="uuid" length="38" unique="true" />

		<many-to-one name="patient" column="patient_id" class="org.openmrs.Patient"/>
		<property name="identifier" type="java.lang.String" length="50"/>
		<many-to-one name="identifierType" class="org.openmrs.PatientIdentifierType" column="identifier_type"/>

		<many-to-one name="location" class="org.openmrs.Location" column="location_id" not-null="false"/>
		<property name="dateCreated" type="java.util.Date" column="date_created" not-null="true" />
		<property name="dateVoided" type="java.util.Date" column="date_voided"/>
		<property name="preferred" type="boolean" not-null="true" />
		<property name="voided" type="boolean" not-null="true" />
		<property name="voidReason" type="java.lang.String" column="void_reason" length="255"/>
		<many-to-one name="creator" class="org.openmrs.User" column="creator" not-null="true"/>
		<many-to-one name="voidedBy" class="org.openmrs.User" column="voided_by" />
		<many-to-one name="changedBy" class="org.openmrs.User" column="changed_by" />
		<property name="dateChanged" type="java.util.Date" column="date_changed" length="19" />
	</class>
</hibernate-mapping>
