<?xml version="1.0"?>
<!--

    This Source Code Form is subject to the terms of the Mozilla Public License,
    v. 2.0. If a copy of the MPL was not distributed with this file, You can
    obtain one at http://mozilla.org/MPL/2.0/. OpenMRS is also distributed under
    the terms of the Healthcare Disclaimer located at http://openmrs.org/license.

    Copyright (C) OpenMRS Inc. OpenMRS is a registered trademark and the OpenMRS
    graphic logo is a trademark of OpenMRS Inc.

-->
<!DOCTYPE hibernate-mapping PUBLIC
    "-//Hibernate/Hibernate Mapping DTD 3.0//EN"
    "http://www.hibernate.org/dtd/hibernate-mapping-3.0.dtd">   
<hibernate-mapping package="org.openmrs">

<class name="org.openmrs.PatientProgram" table="patient_program">

	<id name="patientProgramId" type="java.lang.Integer" column="patient_program_id">
		<generator class="native">
			<param name="sequence">patient_program_patient_program_id</param>
		</generator>
	</id>

	<discriminator column="patient_program_id" insert="false" />

		<property name="uuid" type="java.lang.String"
			column="uuid" length="38" unique="true" />

	<property name="dateEnrolled" type="java.util.Date" column="date_enrolled" not-null="false" length="19" />
    <property name="dateCompleted" type="java.util.Date" column="date_completed" not-null="false" length="19" />
    <property name="dateCreated" type="java.util.Date" column="date_created" not-null="true" length="19" />
	<property name="voided" type="java.lang.Boolean" column="voided" length="1" not-null="true" />
	<property name="dateVoided" type="java.util.Date" column="date_voided" length="19" />
	<property name="voidReason" type="java.lang.String" column="void_reason" length="255" />
	<many-to-one name="voidedBy" class="org.openmrs.User" column="voided_by" />
	<property name="dateChanged" type="java.util.Date" column="date_changed" length="19" />

    <!-- Associations -->

    <!-- property describing outcome -->
    <many-to-one name="outcome" class="Concept" not-null="false">
        <column name="outcome_concept_id" />
    </many-to-one>

    <!-- bi-directional many-to-one association to Program -->
    <many-to-one name="program" class="org.openmrs.Program" not-null="true">
        <column name="program_id" />
    </many-to-one>

	<!-- bi-directional many-to-one association to Patient -->
    <many-to-one name="patient" class="org.openmrs.Patient" not-null="true">
        <column name="patient_id" />
    </many-to-one>
		
    <!-- bi-directional many-to-one association to User -->
    <many-to-one name="creator" class="org.openmrs.User" not-null="true">
        <column name="creator" />
    </many-to-one>
    
    <!-- bi-directional many-to-one association to User -->
    <many-to-one name="changedBy" class="org.openmrs.User">
        <column name="changed_by" />
    </many-to-one>
    
    <!-- bi-directional many-to-one association to Location -->
    <many-to-one name="location" class="org.openmrs.Location" lazy="false">
        <column name="location_id" />
    </many-to-one>

	<!-- bi-directional one-to-many association to PatientProgram -->
	<set name="states" inverse="true" lazy="false" cascade="all-delete-orphan">
		<key column="patient_program_id" not-null="true"/>
		<one-to-many class="org.openmrs.PatientState" />
	</set>
	
</class>
</hibernate-mapping>
