<?xml version="1.0"?>
<!--

    This Source Code Form is subject to the terms of the Mozilla Public License,
    v. 2.0. If a copy of the MPL was not distributed with this file, You can
    obtain one at http://mozilla.org/MPL/2.0/. OpenMRS is also distributed under
    the terms of the Healthcare Disclaimer located at http://openmrs.org/license.

    Copyright (C) OpenMRS Inc. OpenMRS is a registered trademark and the OpenMRS
    graphic logo is a trademark of OpenMRS Inc.

-->
<!DOCTYPE hibernate-mapping PUBLIC
    "-//Hibernate/Hibernate Mapping DTD 3.0//EN"
    "http://hibernate.sourceforge.net/hibernate-mapping-3.0.dtd" >

<hibernate-mapping package="org.openmrs">

	<class name="org.openmrs.person.PersonMergeLog" table="person_merge_log">

		<id name="personMergeLogId" type="java.lang.Integer" column="person_merge_log_id">
			<generator class="native" />
		</id>

		<many-to-one name="winner" class="org.openmrs.Person" column="winner_person_id"
			not-null="true" />

		<many-to-one name="loser" class="org.openmrs.Person" column="loser_person_id"
			not-null="true" />

		<many-to-one name="creator" class="org.openmrs.User" column="creator"
			not-null="true" />

		<property name="dateCreated" type="java.util.Date" column="date_created"
			not-null="true" length="19" />

		<property name="uuid" type="java.lang.String" column="uuid"
			length="38" unique="true" not-null="true" />

		<property name="serializedMergedData" type="materialized_clob" column="merged_data"
			not-null="true" />
			
		<many-to-one name="changedBy" class="User" column="changed_by" />

		<property name="dateChanged" type="java.util.Date"
			column="date_changed" length="19" />

		<property  name="voided" column="voided" type="boolean" length="1" not-null="true" />

		<many-to-one name="voidedBy" class="User" column="voided_by" />

		<property name="dateVoided" type="java.util.Date"
			column="date_voided" length="19" />

		<property name="voidReason" type="java.lang.String"
			column="void_reason" length="255" />			

	</class>

</hibernate-mapping>
