<?xml version="1.0"?>
<!--

    This Source Code Form is subject to the terms of the Mozilla Public License,
    v. 2.0. If a copy of the MPL was not distributed with this file, You can
    obtain one at http://mozilla.org/MPL/2.0/. OpenMRS is also distributed under
    the terms of the Healthcare Disclaimer located at http://openmrs.org/license.

    Copyright (C) OpenMRS Inc. OpenMRS is a registered trademark and the OpenMRS
    graphic logo is a trademark of OpenMRS Inc.

-->
<!DOCTYPE hibernate-mapping PUBLIC
    "-//Hibernate/Hibernate Mapping DTD 3.0//EN"
    "http://www.hibernate.org/dtd/hibernate-mapping-3.0.dtd">
<hibernate-mapping package="org.openmrs">

	<class name="PersonName" table="person_name">

		<id name="personNameId" type="java.lang.Integer"
			column="person_name_id" unsaved-value="0">
			<generator class="native">
				<param name="sequence">person_name_person_name_id_seq</param>
			</generator>
		</id>

		<discriminator column="person_name_id" insert="false" />

		<property name="uuid" type="java.lang.String"
			column="uuid" length="38" unique="true" />

		<property name="preferred" type="boolean" column="preferred"
			not-null="true" />

		<many-to-one name="person" class="Person">
			<column name="person_id" />
		</many-to-one>

		<!--
			Several of the PersonName properties are mapped using field-level
			access (i.e. access=field) to allow for names to be obscured for 
			demonstration purposes while Hibernate can continue to access the
			"real" names behind the scenes
		-->

		<property name="prefix" type="java.lang.String" access="field"
			column="prefix" length="50" />

		<property name="givenName" type="java.lang.String"
			access="field" column="given_name" length="50" />

		<property name="middleName" type="java.lang.String"
			access="field" column="middle_name" length="50" />

		<property name="familyNamePrefix" type="java.lang.String"
			access="field" column="family_name_prefix" length="50" />

		<property name="familyName" type="java.lang.String"
			access="field" column="family_name" length="50" />

		<property name="familyName2" type="java.lang.String"
			access="field" column="family_name2" length="50" />

		<property name="familyNameSuffix" type="java.lang.String"
			access="field" column="family_name_suffix" length="50" />

		<property name="degree" type="java.lang.String" column="degree"
			access="field" length="50" />

		<many-to-one name="creator" class="User" />

		<property name="dateCreated" type="java.util.Date"
			column="date_created" not-null="true" length="19" />

		<many-to-one name="changedBy" class="User" column="changed_by" />

		<property name="dateChanged" type="java.util.Date"
			column="date_changed" length="19" />

		<many-to-one name="voidedBy" class="User" column="voided_by" />

		<property name="dateVoided" type="java.util.Date"
			column="date_voided" length="19" />

		<property name="voidReason" type="java.lang.String"
			column="void_reason" length="255" />

		<property name="voided" type="boolean" column="voided"
			length="1" not-null="true" />

	</class>

</hibernate-mapping>
