<?xml version="1.0"?>
<!--

    This Source Code Form is subject to the terms of the Mozilla Public License,
    v. 2.0. If a copy of the MPL was not distributed with this file, You can
    obtain one at http://mozilla.org/MPL/2.0/. OpenMRS is also distributed under
    the terms of the Healthcare Disclaimer located at http://openmrs.org/license.

    Copyright (C) OpenMRS Inc. OpenMRS is a registered trademark and the OpenMRS
    graphic logo is a trademark of OpenMRS Inc.

-->
<!DOCTYPE hibernate-mapping PUBLIC
    "-//Hibernate/Hibernate Mapping DTD 3.0//EN"
    "http://www.hibernate.org/dtd/hibernate-mapping-3.0.dtd">
<hibernate-mapping package="org.openmrs">

	<class name="org.openmrs.PersonAttribute" table="person_attribute">

		<id name="personAttributeId" type="java.lang.Integer" column="person_attribute_id" unsaved-value="0">
			<generator class="native">
				<param name="sequence">person_attribute_person_attribute_id_seq</param>
			</generator>
		</id>
		
		<discriminator column="person_attribute_id" insert="false" />

		<property name="uuid" type="java.lang.String"
			column="uuid" length="38" unique="true" />

		<many-to-one name="person" class="Person">
			<column name="person_id" />
		</many-to-one>
		
		<many-to-one name="attributeType" class="org.openmrs.PersonAttributeType"
			column="person_attribute_type_id" not-null="true" />
		
		<property name="value" type="java.lang.String"
			not-null="true" length="50" />
		

		<many-to-one name="creator" class="org.openmrs.User"
			column="creator" not-null="true" />
		<property name="dateCreated" type="java.util.Date"
			column="date_created" not-null="true" />
		
		<many-to-one name="changedBy" class="org.openmrs.User"
			column="changed_by" />
		<property name="dateChanged" type="java.util.Date"
			column="date_changed"  />

		<many-to-one name="voidedBy" class="org.openmrs.User"
			column="voided_by" />
		<property name="dateVoided" type="java.util.Date"
			column="date_voided" />
		<property name="voided" type="boolean" not-null="true" />
		<property name="voidReason" type="java.lang.String"
			column="void_reason" length="255" />

	</class>
</hibernate-mapping>
