<?xml version="1.0"?>
<!--

    This Source Code Form is subject to the terms of the Mozilla Public License,
    v. 2.0. If a copy of the MPL was not distributed with this file, You can
    obtain one at http://mozilla.org/MPL/2.0/. OpenMRS is also distributed under
    the terms of the Healthcare Disclaimer located at http://openmrs.org/license.

    Copyright (C) OpenMRS Inc. OpenMRS is a registered trademark and the OpenMRS
    graphic logo is a trademark of OpenMRS Inc.

-->
<!DOCTYPE hibernate-mapping PUBLIC
    "-//Hibernate/Hibernate Mapping DTD 3.0//EN"
    "http://www.hibernate.org/dtd/hibernate-mapping-3.0.dtd">
<hibernate-mapping package="org.openmrs">

	<class name="PersonAddress" table="person_address">

		<id name="personAddressId" type="int" column="person_address_id" unsaved-value="none">
			<generator class="native">
				<param name="sequence">person_address_person_address_id_seq</param>
			</generator>
		</id>

		<discriminator column="person_address_id" insert="false" />

		<property name="uuid" type="java.lang.String"
			column="uuid" length="38" unique="true" />

		<many-to-one name="person" class="Person">
			<column name="person_id" />
		</many-to-one>

		<property name="address1" type="java.lang.String"
			column="address1" length="255" />

		<property name="address2" type="java.lang.String"
			column="address2" length="255" />

		<property name="cityVillage" type="java.lang.String"
			column="city_village" length="255" />

		<property name="stateProvince" type="java.lang.String"
			column="state_province" length="255" />

		<property name="postalCode" type="java.lang.String"
			column="postal_code" length="50" />

		<property name="country" type="java.lang.String"
			column="country" length="50" />

		<property name="latitude" type="java.lang.String"
			column="latitude" length="50" />

		<property name="longitude" type="java.lang.String"
			column="longitude" length="50" />

		<property name="countyDistrict" type="java.lang.String"
			column="county_district" length="255" />

		<property name="address3" type="java.lang.String"
			column="address3" length="255" />
		
		<property name="address4" type="java.lang.String"
			column="address4" length="255" />
		
		<property name="address6" type="java.lang.String"
			column="address6" length="255" />
		
		<property name="address5" type="java.lang.String"
			column="address5" length="255" />
		
		<many-to-one name="creator" class="User" />

		<property name="dateCreated" type="java.util.Date"
			column="date_created" not-null="true" length="19" />

		<many-to-one name="voidedBy" class="User" column="voided_by" />

		<property name="dateVoided" type="java.util.Date"
			column="date_voided" length="19" />

		<property name="voidReason" type="java.lang.String"
			column="void_reason" length="255" />

		<property name="voided" type="boolean" column="voided"
			length="1" not-null="true" />

		<property name="preferred" type="boolean" column="preferred"
			length="1" not-null="true" />
		
		<many-to-one name="changedBy" class="User" column="changed_by" />

		<property name="dateChanged" type="java.util.Date" column="date_changed" length="19" />
		
		<property name="startDate" type="java.util.Date" column="start_date" length="19" />
		
		<property name="endDate" type="java.util.Date" column="end_date" length="19" />
		
	</class>

</hibernate-mapping>
