<?xml version="1.0"?>
<!--

    This Source Code Form is subject to the terms of the Mozilla Public License,
    v. 2.0. If a copy of the MPL was not distributed with this file, You can
    obtain one at http://mozilla.org/MPL/2.0/. OpenMRS is also distributed under
    the terms of the Healthcare Disclaimer located at http://openmrs.org/license.

    Copyright (C) OpenMRS Inc. OpenMRS is a registered trademark and the OpenMRS
    graphic logo is a trademark of OpenMRS Inc.

-->
<!DOCTYPE hibernate-mapping PUBLIC
    "-//Hibernate/Hibernate Mapping DTD 3.0//EN"
    "http://www.hibernate.org/dtd/hibernate-mapping-3.0.dtd">
<hibernate-mapping package="org.openmrs">

	<class name="org.openmrs.PersonAttributeType"
		table="person_attribute_type">

		<id name="personAttributeTypeId" type="java.lang.Integer"
			column="person_attribute_type_id" unsaved-value="0">
			<generator class="native">
				<param name="sequence">person_attribute_type_person_attribute_type_id_seq</param>
			</generator>
		</id>

		<discriminator column="person_attribute_type_id" insert="false" />

		<property name="uuid" type="java.lang.String"
			column="uuid" length="38" unique="true" />

		<property name="name" type="java.lang.String" column="name"
			not-null="true" length="50" />

		<property name="description" type="java.lang.String"
			column="description" not-null="true" length="65535" />

		<property name="format" type="java.lang.String" column="format"
			length="50" />
		
		<property name="foreignKey" type="java.lang.Integer" column="foreign_key" />
			
		<property name="sortWeight" type="java.lang.Double" column="sort_weight" not-null="true"/>
		
		<property name="searchable" type="boolean" not-null="true" />

		<many-to-one name="creator" class="org.openmrs.User"
			not-null="true" column="creator" />
		<property name="dateCreated" type="java.util.Date"
			column="date_created" not-null="true" length="19" />

		<many-to-one name="changedBy" class="org.openmrs.User"
			column="changed_by" />
		<property name="dateChanged" type="java.util.Date"
			column="date_changed"  />
			
		<many-to-one name="retiredBy" class="User" column="retired_by" />
		<property name="dateRetired" type="java.util.Date"
			column="date_retired" length="19" />
		<property name="retireReason" type="java.lang.String"
			column="retire_reason" length="255" />
		<property name="retired" type="boolean" column="retired"
			length="1" not-null="true" />
			
		<many-to-one name="editPrivilege" class="Privilege" column="edit_privilege" />
		
	</class>
	
</hibernate-mapping>
