<?xml version="1.0"?>
<!--

    This Source Code Form is subject to the terms of the Mozilla Public License,
    v. 2.0. If a copy of the MPL was not distributed with this file, You can
    obtain one at http://mozilla.org/MPL/2.0/. OpenMRS is also distributed under
    the terms of the Healthcare Disclaimer located at http://openmrs.org/license.

    Copyright (C) OpenMRS Inc. OpenMRS is a registered trademark and the OpenMRS
    graphic logo is a trademark of OpenMRS Inc.

-->
<!DOCTYPE hibernate-mapping PUBLIC
    "-//Hibernate/Hibernate Mapping DTD 3.0//EN"
    "http://www.hibernate.org/dtd/hibernate-mapping-3.0.dtd">
<hibernate-mapping package="org.openmrs">

	<class name="Person" table="person">

        <cache usage="read-write"/>

		<id name="personId" type="java.lang.Integer" column="person_id" unsaved-value="0">
			<generator class="native">
				<param name="sequence">person_person_id_seq</param>
			</generator>
		</id>

		<discriminator column="person_id" insert="false" />

		<property name="uuid" type="java.lang.String"
			column="uuid" length="38" unique="true"/>

		<property name="gender" type="java.lang.String" column="gender"
			not-null="false" length="50" />

		<property name="birthdate" type="java.util.Date"
			column="birthdate" length="10" />

		<property name="birthdateEstimated" type="boolean"
			column="birthdate_estimated" />

		<property name="dead" type="boolean" length="1" not-null="true" />

		<property name="deathDate" type="java.util.Date"
			column="death_date" length="19" />

		<many-to-one name="causeOfDeath" class="Concept"
			not-null="false" column="cause_of_death" />

		<many-to-one column="creator" name="personCreator" class="User" />

		<property name="personDateCreated" type="java.util.Date"
			column="date_created" not-null="true" length="19" />

		<many-to-one name="personChangedBy" class="User" column="changed_by" />

		<property name="personDateChanged" type="java.util.Date"
			column="date_changed" length="19" />

		<property column="voided" name="personVoided" type="boolean" length="1" not-null="true" />

		<many-to-one name="personVoidedBy" class="User" column="voided_by" />

		<property name="personDateVoided" type="java.util.Date"
			column="date_voided" length="19" />

		<property name="personVoidReason" type="java.lang.String"
			column="void_reason" length="255" />


		<!-- Associations -->

		<!-- bi-directional one-to-many association to PersonAddress -->
		<set name="addresses" lazy="false" inverse="true" batch-size="1000"
			cascade="all-delete-orphan" sort="natural"
			order-by="voided asc, preferred desc, date_created desc">
			<key column="person_id" not-null="true" />
			<one-to-many class="PersonAddress" />
		</set>

		<!-- bi-directional one-to-many association to PersonName -->
		<set name="names" lazy="false" inverse="true" batch-size="1000"
			cascade="all-delete-orphan" sort="natural"
			order-by="voided asc, preferred desc, date_created desc">
			<key column="person_id" />
			<one-to-many class="PersonName" />
		</set>
		
		<set name="attributes" lazy="false" inverse="true" batch-size="1000"
			cascade="all-delete-orphan" sort="natural"
			order-by="voided asc, date_created desc">
			<key column="person_id" />
			<one-to-many class="PersonAttribute" />
		</set>
		
	    <property name="patient" type="boolean" insert="false" update="false" lazy="true">
	    	<formula>case when exists (select * from patient p where p.patient_id = person_id) then 1 else 0 end</formula> 
	    </property>
	    		
	</class>
</hibernate-mapping>
