<?xml version="1.0"?>
<!--

    This Source Code Form is subject to the terms of the Mozilla Public License,
    v. 2.0. If a copy of the MPL was not distributed with this file, You can
    obtain one at http://mozilla.org/MPL/2.0/. OpenMRS is also distributed under
    the terms of the Healthcare Disclaimer located at http://openmrs.org/license.

    Copyright (C) OpenMRS Inc. OpenMRS is a registered trademark and the OpenMRS
    graphic logo is a trademark of OpenMRS Inc.

-->
<!DOCTYPE hibernate-mapping PUBLIC
    "-//Hibernate/Hibernate Mapping DTD 3.0//EN"
    "http://www.hibernate.org/dtd/hibernate-mapping-3.0.dtd">   
<hibernate-mapping package="org.openmrs">

	<class name="ProgramWorkflowState" table="program_workflow_state">

		<id name="programWorkflowStateId" type="java.lang.Integer" column="program_workflow_state_id">
			<generator class="native">
				<param name="sequence">program_workflow_state_program_workflow_state_id_seq</param>
			</generator>
		</id>
		
		<discriminator column="program_workflow_state_id" insert="false" />
		
		<property name="uuid" type="java.lang.String"
			column="uuid" length="38" unique="true" />

		<property name="initial" type="java.lang.Boolean" column="initial" length="1" not-null="true" />
		
		<property name="terminal" type="java.lang.Boolean" column="terminal" length="1" not-null="true" />
	
		<property name="dateCreated" type="java.util.Date" column="date_created" not-null="true" length="19" />
		
		<property name="dateChanged" type="java.util.Date" column="date_changed" length="19" />
		
		<property name="retired" type="java.lang.Boolean" column="retired" length="1" not-null="true" />

		<many-to-one name="programWorkflow" class="ProgramWorkflow" column="program_workflow_id" not-null="true" />
	
		<many-to-one name="concept" class="Concept" column="concept_id" not-null="true" />
	
		<many-to-one name="creator" class="User" column="creator" not-null="true" />
		
		<many-to-one name="changedBy" class="User" column="changed_by" />

	</class>
</hibernate-mapping>
