<?xml version="1.0"?>
<!--

    This Source Code Form is subject to the terms of the Mozilla Public License,
    v. 2.0. If a copy of the MPL was not distributed with this file, You can
    obtain one at http://mozilla.org/MPL/2.0/. OpenMRS is also distributed under
    the terms of the Healthcare Disclaimer located at http://openmrs.org/license.

    Copyright (C) OpenMRS Inc. OpenMRS is a registered trademark and the OpenMRS
    graphic logo is a trademark of OpenMRS Inc.

-->
<!DOCTYPE hibernate-mapping PUBLIC
    "-//Hibernate/Hibernate Mapping DTD 3.0//EN"
    "http://www.hibernate.org/dtd/hibernate-mapping-3.0.dtd">
<hibernate-mapping package="org.openmrs">

	<class name="Program" table="program">

		<id name="programId" type="java.lang.Integer" column="program_id">
			<generator class="native">
				<param name="sequence">program_program_id_seq</param>
			</generator>
		</id>
		
		<discriminator column="program_id" insert="false" />

		<property name="uuid" type="java.lang.String"
			column="uuid" length="38" unique="true" />

		<property name="name" type="java.lang.String"
			column="name" not-null="true" length="100" />
		
		<property name="description" type="java.lang.String"
			column="description" not-null="true" length="500" />

		<property name="dateCreated" type="java.util.Date"
			column="date_created" not-null="true" length="19" />

		<property name="dateChanged" type="java.util.Date"
			column="date_changed" length="19" />

		<property name="retired" type="boolean" column="retired" not-null="true"/>
 
		<!-- Associations -->

		<!-- bi-directional many-to-one association to Concept -->
		<many-to-one name="concept" class="Concept" not-null="true">
			<column name="concept_id" />
		</many-to-one>

        <!-- property describing possible outcomes -->
        <many-to-one name="outcomesConcept" class="Concept" not-null="false">
            <column name="outcomes_concept_id" />
        </many-to-one>

        <!-- bi-directional many-to-one associations to User -->
		<many-to-one name="creator" class="User" not-null="true">
			<column name="creator" />
		</many-to-one>
		<many-to-one name="changedBy" class="User">
			<column name="changed_by" />
		</many-to-one>

		<!-- bi-directional one-to-many association to ProgramWorkflow -->
		<set name="allWorkflows" inverse="true" lazy="false" cascade="all-delete-orphan" order-by="date_created asc" access="field">
			<key column="program_id" not-null="true"/>
			<one-to-many class="ProgramWorkflow" />
		</set>

	</class>
</hibernate-mapping>
