<?xml version="1.0"?>
<!--

    This Source Code Form is subject to the terms of the Mozilla Public License,
    v. 2.0. If a copy of the MPL was not distributed with this file, You can
    obtain one at http://mozilla.org/MPL/2.0/. OpenMRS is also distributed under
    the terms of the Healthcare Disclaimer located at http://openmrs.org/license.

    Copyright (C) OpenMRS Inc. OpenMRS is a registered trademark and the OpenMRS
    graphic logo is a trademark of OpenMRS Inc.

-->
<!DOCTYPE hibernate-mapping PUBLIC
    "-//Hibernate/Hibernate Mapping DTD 3.0//EN"
    "http://www.hibernate.org/dtd/hibernate-mapping-3.0.dtd">   
<hibernate-mapping package="org.openmrs">

<class name="Relationship" table="relationship">

	<id name="relationshipId" type="int" column="relationship_id" unsaved-value="0">
		<generator class="native">
			<param name="sequence">relationship_relationship_id_seq</param>
		</generator>
	</id>

	<discriminator column="relationship_id" insert="false"/>

	<property name="uuid" type="java.lang.String" column="uuid" length="38" unique="true"/>

	<property name="startDate" type="java.util.Date" column="start_date" length="19"/>
	<property name="endDate" type="java.util.Date" column="end_date" length="19"/>
	<property name="voided" type="java.lang.Boolean" column="voided" length="1" not-null="true"/>
	<property name="dateVoided" type="java.util.Date" column="date_voided" length="19"/>
	<property name="voidReason" type="java.lang.String" column="void_reason" length="255"/>
	<property name="dateCreated" type="java.util.Date" column="date_created" not-null="true" length="19"/>

	<!-- Associations -->

	<many-to-one name="personA" column="person_a" class="org.openmrs.Person" not-null="true"/>

	<many-to-one name="personB" column="person_b" class="org.openmrs.Person" not-null="true"/>


	<!-- bi-directional many-to-one association to RelationshipType -->
	<many-to-one name="relationshipType" column="relationship" class="org.openmrs.RelationshipType" not-null="true"/>

	<!-- bi-directional many-to-one associations to User -->
	<many-to-one name="creator" class="org.openmrs.User" not-null="true"/>

	<many-to-one name="voidedBy" column="voided_by" class="org.openmrs.User"/>
	<many-to-one name="changedBy" class="org.openmrs.User" column="changed_by"/>
	<property name="dateChanged" type="java.util.Date" column="date_changed" length="19"/>
</class>
</hibernate-mapping>
