<?xml version="1.0"?>
<!--

    This Source Code Form is subject to the terms of the Mozilla Public License,
    v. 2.0. If a copy of the MPL was not distributed with this file, You can
    obtain one at http://mozilla.org/MPL/2.0/. OpenMRS is also distributed under
    the terms of the Healthcare Disclaimer located at http://openmrs.org/license.

    Copyright (C) OpenMRS Inc. OpenMRS is a registered trademark and the OpenMRS
    graphic logo is a trademark of OpenMRS Inc.

-->
<!DOCTYPE hibernate-mapping PUBLIC
    "-//Hibernate/Hibernate Mapping DTD 3.0//EN"
    "http://www.hibernate.org/dtd/hibernate-mapping-3.0.dtd">
<hibernate-mapping package="org.openmrs">

	<class name="Role" table="role" lazy="false">

		<cache usage="read-write"/>

		<id name="role" type="java.lang.String" column="role">
			<generator class="assigned" />
		</id>

		<discriminator column="role" insert="false" />

		<property name="uuid" type="java.lang.String"
			column="uuid" length="38" unique="true" />

		<property name="description" type="java.lang.String"
			column="description" not-null="true" length="255" />

		<!-- Associations -->

		<!-- bi-directional many-to-many association to Role to create parentRoles-->
		<set name="inheritedRoles" cascade="none" lazy="false"
			table="role_role">
			<cache usage="read-write"/>
			<key>
				<column name="child_role" />
			</key>
			<many-to-many class="Role" column="parent_role" />
		</set>

		<!-- bi-directional many-to-many association to Role to create childRoles-->
		<set name="childRoles" cascade="none" lazy="false"
			table="role_role">
			<cache usage="read-write"/>
			<key>
				<column name="parent_role" />
			</key>
			<many-to-many class="Role" column="child_role" />
		</set>
                
		<!-- bi-directional many-to-many association to Privilege -->
		<set name="privileges" cascade="" lazy="false"
			table="role_privilege">
			<cache usage="read-write"/>
			<key>
				<column name="role" />
			</key>
			<many-to-many class="Privilege" column="privilege" />
		</set>

	</class>
</hibernate-mapping>
