<?xml version="1.0"?>
<!--

    This Source Code Form is subject to the terms of the Mozilla Public License,
    v. 2.0. If a copy of the MPL was not distributed with this file, You can
    obtain one at http://mozilla.org/MPL/2.0/. OpenMRS is also distributed under
    the terms of the Healthcare Disclaimer located at http://openmrs.org/license.

    Copyright (C) OpenMRS Inc. OpenMRS is a registered trademark and the OpenMRS
    graphic logo is a trademark of OpenMRS Inc.

-->
<!DOCTYPE hibernate-mapping PUBLIC
    "-//Hibernate/Hibernate Mapping DTD 3.0//EN"
    "http://www.hibernate.org/dtd/hibernate-mapping-3.0.dtd">  
<hibernate-mapping package="org.openmrs.api">

<class name="org.openmrs.api.db.SerializedObject" table="serialized_object">

	<id name="id" type="java.lang.Integer" column="serialized_object_id">
		<generator class="native">
			<param name="sequence">serialized_object_serialized_object_id_seq</param>
		</generator>
	</id>
    
    <property name="uuid" type="java.lang.String" column="uuid" length="38" unique="true" />
    <property name="name" type="string" column="name" not-null="true" length="255" />
    <property name="description" type="string" column="description" length="5000" />
    <property name="type" type="string" column="type" not-null="true" length="255" />
    <property name="subtype" type="string" column="subtype" not-null="true" length="255" />
    <property name="serializationClass" type="class"  column="serialization_class" not-null="true" length="255" /> 
	<property name="serializedData" type="materialized_clob" column="serialized_data" length="16777215"/> 
	<property name="dateCreated" type="java.util.Date" column="date_created" not-null="true" length="19" />
    <property name="dateChanged" type="java.util.Date" column="date_changed" length="19" />
	<property name="retired" type="boolean" column="retired" not-null="true" />
	<property name="dateRetired" type="java.util.Date" column="date_retired" length="19" />
	<property name="retireReason" type="string" column="retire_reason" length="1000" />

    <!-- Associations -->
  
    <!-- bi-directional many-to-one association to User -->
    <many-to-one name="creator" class="org.openmrs.User" not-null="true">
	    <column name="creator" />
    </many-to-one>

	<many-to-one name="changedBy" class="org.openmrs.User">
		<column name="changed_by" />
	</many-to-one>

	<many-to-one name="retiredBy" class="org.openmrs.User">
		<column name="retired_by" />
	</many-to-one>

</class>
</hibernate-mapping>
