<?xml version="1.0"?>
<!--

    This Source Code Form is subject to the terms of the Mozilla Public License,
    v. 2.0. If a copy of the MPL was not distributed with this file, You can
    obtain one at http://mozilla.org/MPL/2.0/. OpenMRS is also distributed under
    the terms of the Healthcare Disclaimer located at http://openmrs.org/license.

    Copyright (C) OpenMRS Inc. OpenMRS is a registered trademark and the OpenMRS
    graphic logo is a trademark of OpenMRS Inc.

-->
<!DOCTYPE hibernate-mapping PUBLIC
    "-//Hibernate/Hibernate Mapping DTD 3.0//EN"
    "http://www.hibernate.org/dtd/hibernate-mapping-3.0.dtd">  
<hibernate-mapping package="org.openmrs">
	<class name="VisitType" table="visit_type">

		<id name="visitTypeId" type="java.lang.Integer"	column="visit_type_id" unsaved-value="0">
			<generator class="native">
				<param name="sequence">visit_type_visit_type_id_seq</param>
			</generator>
		</id>
		
		<discriminator column="visit_type_id" insert="false" />
		
		<property name="name" type="java.lang.String" not-null="true" length="255" />
		<property name="description" type="java.lang.String" length="1024" />
		<property name="uuid" type="java.lang.String" column="uuid" length="38" unique="true" />
		
		<property name="dateCreated" type="java.util.Date" column="date_created" not-null="true" length="19" />
		<property name="dateChanged" type="java.util.Date" column="date_changed" length="19"/>
		<property name="dateRetired" type="java.util.Date" column="date_retired" length="19" />	
		
		<property name="retired" type="boolean" length="1" not-null="true" />
		<property name="retireReason" type="java.lang.String" column="retire_reason" length="255" />
		
		<many-to-one name="creator" class="User" not-null="true" />	
		<many-to-one name="changedBy" class="User" column="changed_by"/>
		<many-to-one name="retiredBy" class="User" column="retired_by" />
		
	</class>
</hibernate-mapping>
