<?xml version="1.0"?>
<!--

    This Source Code Form is subject to the terms of the Mozilla Public License,
    v. 2.0. If a copy of the MPL was not distributed with this file, You can
    obtain one at http://mozilla.org/MPL/2.0/. OpenMRS is also distributed under
    the terms of the Healthcare Disclaimer located at http://openmrs.org/license.

    Copyright (C) OpenMRS Inc. OpenMRS is a registered trademark and the OpenMRS
    graphic logo is a trademark of OpenMRS Inc.

-->
<!DOCTYPE hibernate-mapping PUBLIC
    "-//Hibernate/Hibernate Mapping DTD 3.0//EN"
    "http://www.hibernate.org/dtd/hibernate-mapping-3.0.dtd">

<hibernate-mapping package="org.openmrs">

    <class name="VisitAttribute" table="visit_attribute">

		<id name="visitAttributeId" type="int" column="visit_attribute_id">
			<generator class="native">
				<param name="sequence">visit_attribute_visit_attribute_id_seq</param>
			</generator>
		</id>

        <discriminator column="visit_attribute_id" insert="false" />
        
        <many-to-one name="visit" class="Visit" not-null="true" column="visit_id" />
        
        <many-to-one name="attributeType" class="VisitAttributeType" not-null="true" column="attribute_type_id" />
        
        <property name="valueReference" type="text" not-null="true" access="field" column="value_reference" length="65535" />
        
        <many-to-one name="creator" class="User" not-null="true" column="creator" />
        
        <property name="dateCreated" type="java.util.Date" column="date_created" not-null="true" length="19" />
        
        <many-to-one name="changedBy" class="User" column="changed_by" />
        
        <property name="dateChanged" type="java.util.Date" column="date_changed" length="19" />
        
        <property name="voided" type="java.lang.Boolean" column="voided" length="1" not-null="true" />
        
        <many-to-one name="voidedBy" class="User" column="voided_by" />
        
        <property name="dateVoided" type="java.util.Date" column="date_voided" length="19" />
               
        <property name="voidReason" type="java.lang.String" column="void_reason" length="255" />
        
        <property name="uuid" type="java.lang.String" column="uuid" length="38" unique="true" />
        
    </class>

</hibernate-mapping>
