<?xml version="1.0" encoding="UTF-8"?>
<beans xmlns="http://www.springframework.org/schema/beans"
       xmlns:xsi="http://www.w3.org/2001/XMLSchema-instance"
       xmlns:context="http://www.springframework.org/schema/context"
       xsi:schemaLocation="http://www.springframework.org/schema/beans
  		    http://www.springframework.org/schema/beans/spring-beans-3.0.xsd
  		    http://www.springframework.org/schema/context
  		    http://www.springframework.org/schema/context/spring-context-3.0.xsd">
    <context:component-scan base-package="org.bahmni.module.bahmnicore.web"/>
    <context:component-scan base-package="org.openmrs.module.bahmnimapping"/>

    <!--Required to invoke uiframework-->
    <bean class="org.openmrs.ui.framework.StandardModuleUiConfiguration">
        <property name="moduleId" value="bahmnicore"/>
    </bean>

    <!--Include uiframework css files for all modules-->
    <bean class="org.openmrs.ui.framework.page.GlobalResourceIncluder">
    <property name="resources">
        <list>
            <bean class="org.openmrs.ui.framework.resource.Resource">
                <property name="category" value="css"/>
                <property name="providerName" value="bahmnicore"/>
                <property name="resourcePath" value="styles/bahmnicore.css"/>
                <property name="priority" value="-100"/>
            </bean>
        </list>
    </property>
    </bean>
</beans>
