<databaseChangeLog xmlns="http://www.liquibase.org/xml/ns/dbchangelog"
                   xmlns:xsi="http://www.w3.org/2001/XMLSchema-instance"
                   xsi:schemaLocation="http://www.liquibase.org/xml/ns/dbchangelog
         http://www.liquibase.org/xml/ns/dbchangelog/dbchangelog-2.0.xsd">

    <changeSet context="setup" author="ict4h" id="100">
        <createTable tableName="markers" schemaName="${schemaName}">
            <column name="feed_uri" type="varchar(255)">
                <constraints nullable="false" primaryKey="true"/>
            </column>
            <column name="last_read_entry_id" type="varchar(255)"/>
            <column name="feed_uri_for_last_read_entry" type="varchar(255)"/>
        </createTable>

        <createTable tableName="failed_events" schemaName="${schemaName}">
            <column name="id" type="serial">
                <constraints nullable="false" primaryKey="true"/>
            </column>
            <column name="feed_uri" type="varchar(255)"/>
            <column name="failed_at" type="timestamp"/>
            <!-- TODO: change to CLOB -->
            <column name="error_message" type="varchar(4000)"/>
            <column name="event_id" type="varchar(255)"/>
            <!-- TODO: change to CLOB -->
            <column name="event_content" type="varchar(4000)"/>
            <column name="error_hash_code" type="int"/>
        </createTable>
    </changeSet>
    <changeSet id="101" author="ict4h" context="setup">
        <addColumn tableName="failed_events" schemaName="${schemaName}">
            <column name="title" type="varchar(255)"></column>
        </addColumn>
    </changeSet>
</databaseChangeLog>