<?xml version="1.0" encoding="UTF-8"?>
<beans xmlns="http://www.springframework.org/schema/beans"
       xmlns:xsi="http://www.w3.org/2001/XMLSchema-instance"
       xmlns:context="http://www.springframework.org/schema/context"
       xmlns:util="http://www.springframework.org/schema/util"
       xsi:schemaLocation="http://www.springframework.org/schema/beans
		http://www.springframework.org/schema/beans/spring-beans-3.0.xsd
		http://www.springframework.org/schema/context
		http://www.springframework.org/schema/context/spring-context-3.0.xsd
		http://www.springframework.org/schema/util
		http://www.springframework.org/schema/util/spring-util-3.0.xsd">

    <util:properties id="erpAtomFeedProperties" location="classpath:openerp-atomfeed.properties"/>

    <context:component-scan base-package="org.bahmni.module.openerpatomfeedclient"/>

    <bean parent="serviceContext">
        <property name="moduleService">
            <list>
                <value>org.bahmni.module.openerpatomfeedclient.api.client.OpenERPSaleOrderFeedClient</value> <!-- service interface name -->
                <ref bean="openERPSaleOrderProcessFeedClient"/>
            </list>
        </property>
    </bean>
    <bean parent="serviceContext">
        <property name="moduleService">
            <list>
                <value>org.bahmni.module.openerpatomfeedclient.api.client.OpenERPSaleOrderFailedFeedClient</value> <!-- service interface name -->
                <ref bean="openERPSaleOrderProcessFailedFeedClient"/>
            </list>
        </property>
    </bean>

    <!--<bean id="openMRSFeedJob" class="org.bahmni.module.openerpatomfeedclient.api.client.impl.OpenERPSaleOrderFeedClientImpl" scope="prototype">-->
        <!--<constructor-arg ref="openERPAtomFeedProperties"/>-->
        <!--<constructor-arg ref=""/>-->
    <!--</bean>-->

</beans>
