<?xml version="1.0"?>
<!--

    This Source Code Form is subject to the terms of the Mozilla Public License,
    v. 2.0. If a copy of the MPL was not distributed with this file, You can
    obtain one at http://mozilla.org/MPL/2.0/. OpenMRS is also distributed under
    the terms of the Healthcare Disclaimer located at http://openmrs.org/license.

    Copyright (C) OpenMRS Inc. OpenMRS is a registered trademark and the OpenMRS
    graphic logo is a trademark of OpenMRS Inc.

-->
<!DOCTYPE hibernate-mapping PUBLIC
    "-//Hibernate/Hibernate Mapping DTD 3.0//EN"
    "http://www.hibernate.org/dtd/hibernate-mapping-3.0.dtd">
<hibernate-mapping package="org.openmrs.notification">

	<class name="org.openmrs.notification.AlertRecipient" table="notification_alert_recipient">
		
		<composite-id>
			<key-many-to-one name="alert" column="alert_id"	class="org.openmrs.notification.Alert" />
			<key-many-to-one name="recipient" class="org.openmrs.User" column="user_id" />
		</composite-id>
		
		<property name="recipientId" column="user_id" type="java.lang.Integer" 
				not-null="true" update="false" insert="false" />
		
		<property name="alertRead" column="alert_read" type="java.lang.Boolean" 
				not-null="true" length="1"/>
		
		<property name="dateChanged" type="java.util.Date"
				column="date_changed" length="19" update="false" insert="false" />
		
		<property name="uuid" type="java.lang.String"
			column="uuid" length="38" unique="true" />
		
	</class>

</hibernate-mapping>
