<?xml version="1.0"?>
<!--

    This Source Code Form is subject to the terms of the Mozilla Public License,
    v. 2.0. If a copy of the MPL was not distributed with this file, You can
    obtain one at http://mozilla.org/MPL/2.0/. OpenMRS is also distributed under
    the terms of the Healthcare Disclaimer located at http://openmrs.org/license.

    Copyright (C) OpenMRS Inc. OpenMRS is a registered trademark and the OpenMRS
    graphic logo is a trademark of OpenMRS Inc.

-->
<!DOCTYPE hibernate-mapping PUBLIC
    "-//Hibernate/Hibernate Mapping DTD 3.0//EN"
    "http://www.hibernate.org/dtd/hibernate-mapping-3.0.dtd">
<hibernate-mapping package="org.openmrs.notification">

	<class name="org.openmrs.notification.Alert" table="notification_alert">
		
		<id name="alertId" type="int" column="alert_id" unsaved-value="0">
			<generator class="native">
				<param name="sequence">notification_alert_alert_id_seq</param>
			</generator>
		</id>
		
		<discriminator column="alert_id" insert="false" />
		
		<property name="text" type="java.lang.String" not-null="true" length="512" />
		
		<property name="satisfiedByAny" column="satisfied_by_any" type="java.lang.Boolean" 
				not-null="true" length="1"/>
		
		<property name="alertRead" column="alert_read" type="java.lang.Boolean" 
				not-null="true" length="1"/>
		
		<property name="dateToExpire" column="date_to_expire" type="java.util.Date" 
			not-null="false" length="19" />
			
		<many-to-one name="creator" class="org.openmrs.User" not-null="true" />
		<property name="dateCreated" type="java.util.Date"
			column="date_created" not-null="true" length="19" />
		
		<many-to-one name="changedBy" class="org.openmrs.User" column="changed_by" />
		<property name="dateChanged" type="java.util.Date"
			column="date_changed" length="19" />
		
		<set name="recipients" lazy="true" inverse="true" cascade="all-delete-orphan" table="notification_alert_recipients">
			<key column="alert_id" />
			<one-to-many class="AlertRecipient" />
		</set>
		
		<property name="uuid" type="java.lang.String"
			column="uuid" length="38" unique="true" />
		
	</class>

</hibernate-mapping>
