<?xml version="1.0"?>
<!--

    This Source Code Form is subject to the terms of the Mozilla Public License,
    v. 2.0. If a copy of the MPL was not distributed with this file, You can
    obtain one at http://mozilla.org/MPL/2.0/. OpenMRS is also distributed under
    the terms of the Healthcare Disclaimer located at http://openmrs.org/license.

    Copyright (C) OpenMRS Inc. OpenMRS is a registered trademark and the OpenMRS
    graphic logo is a trademark of OpenMRS Inc.

-->
<!DOCTYPE hibernate-mapping PUBLIC
    "-//Hibernate/Hibernate Mapping DTD 3.0//EN"
    "http://www.hibernate.org/dtd/hibernate-mapping-3.0.dtd">   
<hibernate-mapping package="org.openmrs.notification">
	<class name="Template" table="notification_template"> 
		<id name="id" type="java.lang.Integer" column="template_id" unsaved-value="0">
			<generator class="native">
				<param name="sequence">notification_template_template_id_seq</param>
			</generator>
		</id>
		<discriminator column="template_id" insert="false" />
		
		<property name="name" type="string" column="name" not-null="true"/>
		<property name="template" type="string" column="template" not-null="true"/>
		<property name="subject" type="string" column="subject" not-null="true"/>
		<property name="sender" type="string" column="sender" not-null="true"/>
		<property name="recipients" type="string" column="recipients" not-null="true"/>
		<property name="ordinal" type="int" column="ordinal" not-null="true"/>
		<property name="uuid" type="java.lang.String" column="uuid" length="38" unique="true" />
		
	</class>
</hibernate-mapping>