[
    {
        "id": "bahmni.registrationApp",
        "label": "Register Patient",
        "description": "Register Patient",
        "extensions": [
            {
                "id": "bahmni.extension.registrationApp",
                "extensionPointId": "org.openmrs.referenceapplication.homepageLink",
                "type": "link",
                "label": "Register Patient",
                "url": "moduleResources/bahmniapps/registration",
                "icon": "icon-user",
                "order": 1
            }
        ]
    }
]