<databaseChangeLog xmlns="http://www.liquibase.org/xml/ns/dbchangelog"
                   xmlns:xsi="http://www.w3.org/2001/XMLSchema-instance"
                   xsi:schemaLocation="http://www.liquibase.org/xml/ns/dbchangelog
         http://www.liquibase.org/xml/ns/dbchangelog/dbchangelog-2.0.xsd">


    <changeSet id="openerp-atomfeed-client-201401061540" author="sush,banka">
        <insert tableName="scheduler_task_config">
            <column name="name" value="OpenERP Feed Task"/>
            <column name="schedulable_class" value="org.bahmni.module.openerpatomfeedclient.api.task.OpenERPSaleOrderFeedTask"/>
            <column name="start_time" valueDate=" now() "/>
            <column name="start_time_pattern" value="MM/dd/yyyy HH:mm:ss"/>
            <column name="repeat_interval" value="15"/>
            <column name="start_on_startup" value="1"/>
            <column name="started" value="1"/>
            <column name="created_by" value="1"/>
            <column name="date_created" valueDate=" now() "/>
            <column name="uuid" valueComputed=" uuid() "/>
        </insert>

        <insert tableName="scheduler_task_config">
            <column name="name" value="OpenERP Failed Feed Task"/>
            <column name="schedulable_class" value="org.bahmni.module.openerpatomfeedclient.api.task.OpenERPSaleOrderFailedFeedTask"/>
            <column name="start_time" valueDate=" now() "/>
            <column name="start_time_pattern" value="MM/dd/yyyy HH:mm:ss"/>
            <column name="repeat_interval" value="15"/>
            <column name="start_on_startup" value="1"/>
            <column name="started" value="1"/>
            <column name="created_by" value="1"/>
            <column name="date_created" valueDate=" now() "/>
            <column name="uuid" valueComputed=" uuid() "/>
        </insert>
    </changeSet>

    <changeSet id="openerp-atomfeed-client-201401091523" author="sush">
        <insert tableName="provider">
            <column name="name" value="system"/>
            <column name="identifier" value="system"/>
            <column name="creator" value="1"/>
            <column name="date_created" valueComputed="now()"/>
            <column name="uuid" valueComputed="uuid()"/>
        </insert>
    </changeSet>

    <changeSet id="openerp-atomfeed-client-201401281406" author="tw" context="rel3">
        <preConditions onFail="MARK_RAN">
            <sqlCheck expectedResult="1">
                select count(*) from liquibasechangelog where id='openerp-atomfeed-client-201401061530';
            </sqlCheck>
        </preConditions>
        <sql>
            INSERT INTO `liquibasechangelog` (`ID`,`AUTHOR`,`FILENAME`,`DATEEXECUTED`,`MD5SUM`,`DESCRIPTION`,`COMMENTS`,`TAG`,`LIQUIBASE`,`EXECTYPE`,`ORDEREXECUTED`)
            VALUES ('100','ict4h','sql/db_migrations.xml',now(),'3:8ee36a0313cda559247cbb2729fe6e76','Create Table (x2)','',NULL,'2.0.5','EXECUTED','100') ON DUPLICATE KEY UPDATE EXECTYPE = 'EXECUTED';
        </sql>
    </changeSet>
    <changeSet id="openerp-atomfeed-client-201401281407" author="tw" context="rel3">
        <preConditions onFail="MARK_RAN">
            <sqlCheck expectedResult="1">
                select count(*) from liquibasechangelog where author='tw' and id='openerp-atomfeed-client-201401151122';
            </sqlCheck>
        </preConditions>
        <sql>
            INSERT INTO `liquibasechangelog` (`ID`,`AUTHOR`,`FILENAME`,`DATEEXECUTED`,`MD5SUM`,`DESCRIPTION`,`COMMENTS`,`TAG`,`LIQUIBASE`,`EXECTYPE`,`ORDEREXECUTED`)
            VALUES ('101','ict4h','sql/db_migrations.xml',now(),'3:29f59eb61eb39a9dee52d81f4026d642','Add Column','',NULL,'2.0.5','EXECUTED','101') ON DUPLICATE KEY UPDATE EXECTYPE = 'EXECUTED';
        </sql>
    </changeSet>
    <changeSet id="openerp-atomfeed-client-201402131804" author="tw" context="rel3">
        <delete tableName="provider">
            <where>identifier='system'</where>
        </delete>
    </changeSet>
    <changeSet id="openerp-atomfeed-client-201402131819" author="tw" context="rel3">
        <sql>
            set @puuid = uuid();

            insert into person(birthdate_estimated, dead, creator, date_created, uuid)
            values(0, 0, 1, now(), @puuid);

            insert into users(system_id, creator, date_created, person_id, uuid, username)
            values ('Billing System', 1, now(),(select person_id from person where uuid = @puuid) , uuid(), 'Billing System');

            insert into provider (person_id, identifier, creator, date_created, uuid, name) values ((select person_id from person where uuid = @puuid), 'BILLINGSYSTEM', 1, now(), uuid(), 'Billing System');
        </sql>
    </changeSet>
</databaseChangeLog>