<?xml version="1.0" encoding="UTF-8"?>
 
<databaseChangeLog xmlns="http://www.liquibase.org/xml/ns/dbchangelog/1.9"
    xmlns:xsi="http://www.w3.org/2001/XMLSchema-instance"
    xsi:schemaLocation="http://www.liquibase.org/xml/ns/dbchangelog/1.9
                  http://www.liquibase.org/xml/ns/dbchangelog/dbchangelog-1.9.xsd">
 
   <changeSet id="uiframework-20120913-2055" author="wyclif">
 		<preConditions onFail="MARK_RAN">
			<not><tableExists tableName="uiframework_user_defined_page_view" /></not>
		</preConditions>
		<comment>Adding uiframework_page_view table</comment>
		<createTable tableName="uiframework_user_defined_page_view">
			<column name="page_view_id" type="int" autoIncrement="true" >
				<constraints nullable="false" primaryKey="true"/>
			</column>			
			<column name="name" type="varchar(100)"><constraints nullable="false" unique="true"/></column>
			<column name="template_type" type="varchar(50)"><constraints nullable="false"/></column>
			<column name="template_text" type="mediumtext"><constraints nullable="false"/></column>
			<column name="uuid" type="varchar(38)"><constraints nullable="false" unique="true"/></column>
			<column name="creator" type="int"><constraints nullable="false"/></column>
			<column name="date_created" type="DATETIME"><constraints nullable="false"/></column>
		</createTable>
 	</changeSet>
 
</databaseChangeLog>