<?xml version="1.0" encoding="UTF-8"?>
<databaseChangeLog
    xmlns="http://www.liquibase.org/xml/ns/dbchangelog"
     xmlns:xsi="http://www.w3.org/2001/XMLSchema-instance"
    xmlns:ext="http://www.liquibase.org/xml/ns/dbchangelog-ext"
    xsi:schemaLocation="http://www.liquibase.org/xml/ns/dbchangelog http://www.liquibase.org/xml/ns/dbchangelog/dbchangelog-2.0.xsd
    http://www.liquibase.org/xml/ns/dbchangelog-ext http://www.liquibase.org/xml/ns/dbchangelog/dbchangelog-ext.xsd">

	<!-- 
		See http://www.liquibase.org/manual/home#available_database_refactorings
		for a list of supported elements and attributes 
	-->
	
    <changeSet id="20140801-TRUNK-4443-rename_order_start_date_to_date_activated" author="bharti">
        <preConditions onFail="MARK_RAN">
            <columnExists columnName="start_date" tableName="orders" />
        </preConditions>
        <comment>Renaming the start_date in order table to date_activated</comment>
        <renameColumn tableName="orders" newColumnName="date_activated" oldColumnName="start_date" columnDataType="datetime" />
    </changeSet>

    <changeSet id="20140719-TRUNK-4445-update_dosing_type_to_varchar_255" author="mihir">
        <preConditions onFail="MARK_RAN">
            <columnExists columnName="dosing_type" tableName="drug_order" />
        </preConditions>
        <comment>Increase size of dosing type column to 255 characters</comment>
        <modifyDataType tableName="drug_order" columnName="dosing_type" newDataType="varchar(255)" />
    </changeSet>

</databaseChangeLog>
