<?xml version="1.0" encoding="UTF-8"?>

<databaseChangeLog xmlns="http://www.liquibase.org/xml/ns/dbchangelog"
                   xmlns:xsi="http://www.w3.org/2001/XMLSchema-instance"
                   xsi:schemaLocation="http://www.liquibase.org/xml/ns/dbchangelog
         http://www.liquibase.org/xml/ns/dbchangelog/dbchangelog-2.0.xsd">
    <changeSet author="ict4h" id="org.ict4h.openmrs-atomfeed-2013-03-01-18:30">
        <createTable tableName="event_records">
            <column name="id" type="serial">
                <constraints nullable="false" primaryKey="true"/>
            </column>
            <column name="uuid" type="varchar(40)"/>
            <column name="title" type="varchar(255)"/>
            <column name="timestamp" type="TIMESTAMP" defaultValueDate="CURRENT_TIMESTAMP"/>
            <column name="uri" type="varchar(255)"/>
            <!-- Change to CLOB -->
            <column name="object" type="varchar(1000)"/>
            <column name="category" type="varchar(255)"/>
        </createTable>
        <createTable tableName="chunking_history">
            <column name="id" type="serial">
                <constraints nullable="false" primaryKey="true"/>
            </column>
            <column name="chunk_length" type="BIGINT"/>
            <column name="start" type="BIGINT">
                <constraints nullable="false"/>
            </column>
        </createTable>
        <modifyDataType tableName="chunking_history" columnName="id" newDataType="int"/>
        <addAutoIncrement tableName="chunking_history" columnName="id" columnDataType="int"/>
        <modifyDataType tableName="event_records" columnName="id" newDataType="int"/>
        <addAutoIncrement tableName="event_records" columnName="id" columnDataType="int"/>
    </changeSet>
    <changeSet author="ict4h" id="org.ict4h.openmrs-atomfeed-2014-01-02-00:00">
        <createTable tableName="event_records_offset_marker">
            <column name="id" type="int" autoIncrement="true">
                <constraints nullable="false" primaryKey="true"/>
            </column>
            <column name="event_id" type="int"/>
            <column name="event_count" type="int"/>
            <column name="category" type="varchar(255)"/>
        </createTable>
    </changeSet>
</databaseChangeLog>