<?xml version="1.0" encoding="UTF-8"?>

<databaseChangeLog xmlns="http://www.liquibase.org/xml/ns/dbchangelog"
                   xmlns:xsi="http://www.w3.org/2001/XMLSchema-instance"
                   xsi:schemaLocation="http://www.liquibase.org/xml/ns/dbchangelog
         http://www.liquibase.org/xml/ns/dbchangelog/dbchangelog-2.0.xsd">

    <!--
        See http://www.liquibase.org/manual/home#available_database_refactorings
        for a list of supported elements and attributes
    -->
    <changeSet id="bahmni-snapshot-1-upgrade-1" author="Vinay, Mihir, Ramesh">
        <preConditions onFail="MARK_RAN">
            <not>
                <columnExists tableName="order_type" columnName="java_class_name"/>
            </not>
        </preConditions>
        <comment>Add column java_class_name to order_type for OpenMRS 1.9 -> 1.10</comment>
        <addColumn tableName="order_type">
            <column name="java_class_name" type="varchar(255)"/>
        </addColumn>
    </changeSet>
    <changeSet id="bahmni-snapshot-1-upgrade-2" author="Vinay, Mihir, Suresh">
        <preConditions onFail="MARK_RAN">
            <not>
                <columnExists tableName="order_type" columnName="parent"/>
            </not>
        </preConditions>
        <comment>Add column parent to order_type for OpenMRS 1.9 -> 1.10</comment>
        <addColumn tableName="order_type">
            <column name="parent" type="int(11)"/>
        </addColumn>
    </changeSet>
    <changeSet id="bahmni-snapshot-1-upgrade-3" author="Vinay, Mihir, Mahesh">
        <preConditions onFail="MARK_RAN">
                <tableExists tableName="visit_migration"/>
        </preConditions>
        <comment>drop table visit_migration for OpenMRS 1.9 -> 1.10</comment>
        <dropTable tableName="visit_migration"/>
    </changeSet>
    <changeSet id="bahmni-snapshot-1-upgrade-4" author="Vinay, Mihir, Dinesh">
        <comment>Update startdate in orders. Keep running until migrated to OpeMRS 1.10</comment>
        <sql>
            update orders o, encounter e, order_type ot set o.start_date = e.encounter_datetime
            where o.encounter_id = e.encounter_id and o.start_date is null and ot.name='Lab Order' and
            ot.order_type_id=o.order_type_id;
        </sql>
    </changeSet>
    <changeSet id="bahmni-snapshot-1-upgrade-5" author="Vinay, Mihir, Lokesh">
        <comment>Update providers in orders. Keep running until migrated to OpeMRS 1.10</comment>
        <sql>
            update orders o, encounter_provider ep, users u, provider p set o.orderer = u.user_id where
            o.encounter_id = ep.encounter_id and ep.provider_id = p.provider_id and p.person_id = u.person_id ;
        </sql>
    </changeSet>
    <changeSet id="bahmni-snapshot-1-upgrade-6" author="Vinay, Mihir, Lokesh">
        <comment>Set java class names for existing order types</comment>
        <sql>
            UPDATE `order_type` SET `java_class_name` = 'org.openmrs.DrugOrder' WHERE name ='Drug Order';
            UPDATE `order_type` SET `java_class_name` = 'org.openmrs.TestOrder' WHERE name ='Lab Order';
            UPDATE `order_type` SET `java_class_name` = 'org.openmrs.TestOrder' WHERE name ='Radiology Order';
        </sql>
    </changeSet>
    <changeSet id="bahmni-snapshot-1-upgrade-7" author="Vinay, Mihir, Yogesh">
        <comment>Set java class names for existing order types</comment>
        <sql>
            set @concept_id = 0;
            set @answer_concept_id = 0;
            set @concept_name_short_id = 0;
            set @concept_name_full_id = 0;
            set @concept_name_full_id = 0;
            set @concept_uuid = '';
            set @global_property_uuid = '';

            select uuid() into @global_property_uuid;

            call add_concept(@concept_id, @concept_name_short_id, @concept_name_full_id, 'Dose Quantity Units', 'Dose
            Quantity Units', 'N/A', 'ConvSet', true);
            call add_concept_word(@concept_id, @concept_name_short_id, 'Dose', '1');
            call add_concept_word(@concept_id, @concept_name_short_id, 'Quantity', '1');
            call add_concept_word(@concept_id, @concept_name_short_id, 'Units', '1');
            call add_concept_word(@concept_id, @concept_name_full_id, 'Dose', '1');
            call add_concept_word(@concept_id, @concept_name_full_id, 'Quantity', '1');
            call add_concept_word(@concept_id, @concept_name_full_id, 'Units', '1');

            select uuid into @concept_uuid from concept where concept_id=@concept_id;

            insert into global_property (property, property_value, description, uuid)
            values ('order.drugDispensingUnitsConceptUuid', @concept_uuid, 'Dose Quantity Units UUID',
            @global_property_uuid);
        </sql>
    </changeSet>
    <changeSet id="bahmni-snapshot-1-upgrade-8" author="Vinay, Mihir, Dinesh">
        <comment>Update startdate in orders for all orders</comment>
        <sql>
            update orders o, encounter e set o.start_date = e.encounter_datetime
            where o.encounter_id = e.encounter_id and o.start_date is null;
        </sql>
    </changeSet>
    <changeSet id="bahmni-snapshot-1-upgrade-9" author="Vinay, Mihir, Dinesh">
        <preConditions onFail="MARK_RAN">
            <sqlCheck expectedResult="0">
                select count(*) from concept_set where concept_set in (
                    select concept_id from concept where uuid in (
                        select property_value from global_property where property = 'order.drugDispensingUnitsConceptUuid'
                    )
                )
            </sqlCheck>
        </preConditions>
        <comment>Insert concept set members for Dose Quantity Units</comment>
        <sql>
            insert into concept_set(concept_id, concept_set, sort_weight, creator, date_created, uuid) (select c2.concept_id as concept_id, c1.concept_id as concept_set, 0 as sort_weight, 1 as creator, now() as date_created, uuid() as uuid from concept c1, concept c2, global_property gp where gp.property = 'order.drugDispensingUnitsConceptUuid' and c1.uuid = gp.property_value and c2.concept_id in (select distinct dosage_form from drug));
        </sql>
    </changeSet>
    <changeSet id="bahmni-snapshot-1-upgrade-10" author="Rohan, Bharti">
        <preConditions onFail="MARK_RAN">
            <columnExists tableName="orders" columnName="start_date"/>
        </preConditions>
        <comment>Update auto expire date of previous lab orders</comment>
        <sql>
            update orders set auto_expire_date = start_date where auto_expire_date is null and order_type_id=(select order_type_id from order_type where name='Lab Order') ;
        </sql>
    </changeSet>
</databaseChangeLog>
