<?xml version="1.0" encoding="UTF-8"?>
 
<databaseChangeLog xmlns="http://www.liquibase.org/xml/ns/dbchangelog/1.9"
    xmlns:xsi="http://www.w3.org/2001/XMLSchema-instance"
    xsi:schemaLocation="http://www.liquibase.org/xml/ns/dbchangelog/1.9
                  http://www.liquibase.org/xml/ns/dbchangelog/dbchangelog-1.9.xsd">
 
    <!--
        See http://www.liquibase.org/manual/home#available_database_refactorings
        for a list of supported elements and attributes
    -->

 	<changeSet id="metadatamapping-2011-10-04-a" author="bwolfe">
        <preConditions onFail="MARK_RAN"><sqlCheck expectedResult="0">select count(*) from global_property where property = 'metadatamapping.addLocalMappings'</sqlCheck></preConditions>
        <comment>Move MDS property addLocalMappings to metadatamapping</comment>
        <update tableName="global_property">
            <column name="property" value="metadatamapping.addLocalMappings"></column>
            <where>property = 'metadatasharing.addLocalMappings'</where>
        </update>
    </changeSet>
    
 	<changeSet id="metadatamapping-2011-10-04-b" author="bwolfe">
        <preConditions onFail="MARK_RAN"><sqlCheck expectedResult="0">select count(*) from global_property where property = 'metadatamapping.localConceptSourceUuid'</sqlCheck></preConditions>
        <comment>Move MDS property localConceptSourceUuid to metadatamapping</comment>
        <update tableName="global_property">
            <column name="property" value="metadatamapping.localConceptSourceUuid"></column>
            <where>property = 'metadatasharing.systemConceptSource'</where>
        </update>
    </changeSet>
    
</databaseChangeLog>