<?xml version="1.0" encoding="UTF-8"?>
 
<databaseChangeLog xmlns="http://www.liquibase.org/xml/ns/dbchangelog/1.9"
    xmlns:xsi="http://www.w3.org/2001/XMLSchema-instance"
    xsi:schemaLocation="http://www.liquibase.org/xml/ns/dbchangelog/1.9
                  http://www.liquibase.org/xml/ns/dbchangelog/dbchangelog-1.9.xsd">
    
	<changeSet id="20120316-1300" author="mseaton">
        <preConditions onFail="MARK_RAN">
        	<not><tableExists tableName="calculation_registration" /></not>
        </preConditions>
        <comment>
        	Adding calculation_registration table
        </comment>
        <createTable tableName="calculation_registration">
            <column name="calculation_registration_id" autoIncrement="true" type="int">
                <constraints nullable="false" primaryKey="true" />
            </column>
            <column name="token" type="varchar(255)">
                <constraints nullable="false" unique="true" />
            </column>
            <column name="provider_class_name" type="varchar(512)">
                <constraints nullable="false" />
            </column>
            <column name="calculation_name" type="varchar(512)">
                <constraints nullable="false" />
            </column>
            <column name="configuration" type="text" />
			<column name="uuid" type="char(38)">
				<constraints nullable="false" unique="true" />
			</column>
        </createTable>
    </changeSet>
        
</databaseChangeLog>